Date,FF,1Y,2Y,5Y,10Y,20Y
Jan-80,13.82,12.06,11.5,10.74,10.8,10.65
Feb-80,14.13,13.92,13.42,12.6,12.41,12.21
Mar-80,17.19,15.82,14.88,13.47,12.75,12.49
Apr-80,17.61,13.3,12.5,11.84,11.47,11.42
May-80,10.98,9.39,9.45,9.95,10.18,10.44
Jun-80,9.47,8.16,8.73,9.21,9.78,9.89
Jul-80,9.03,8.65,9.03,9.53,10.25,10.32
Aug-80,9.61,10.24,10.53,10.84,11.1,11.07
Sep-80,10.87,11.52,11.57,11.62,11.51,11.47
Oct-80,12.81,12.49,12.09,11.86,11.75,11.75
Nov-80,15.85,14.15,13.51,12.83,12.68,12.44
Dec-80,18.9,14.88,14.08,13.25,12.84,12.49
Jan-81,19.08,14.08,13.26,12.77,12.57,12.29
Feb-81,15.93,14.57,13.92,13.41,13.19,12.98
Mar-81,14.7,13.71,13.57,13.41,13.12,12.94
Apr-81,15.72,14.32,14.15,13.99,13.68,13.46
May-81,18.52,16.2,15.46,14.63,14.1,13.82
Jun-81,19.1,14.86,14.51,13.95,13.47,13.2
Jul-81,19.04,15.72,15.35,14.79,14.28,13.92
Aug-81,17.82,16.72,16.28,15.56,14.94,14.52
Sep-81,15.87,16.52,16.46,15.93,15.32,15.07
Oct-81,15.08,15.38,15.54,15.41,15.15,15.13
Nov-81,13.31,12.41,12.88,13.38,13.39,13.56
Dec-81,12.37,12.85,13.29,13.6,13.72,13.73
Jan-82,13.22,14.32,14.57,14.65,14.59,14.57
Feb-82,14.78,14.73,14.82,14.54,14.43,14.48
Mar-82,14.68,13.95,14.19,13.98,13.86,13.75
Apr-82,14.94,13.98,14.2,14,13.87,13.57
May-82,14.45,13.34,13.78,13.75,13.62,13.46
Jun-82,14.15,14.07,14.47,14.43,14.3,14.18
Jul-82,12.59,13.24,13.8,14.07,13.95,13.76
Aug-82,10.12,11.43,12.32,13,13.06,12.91
Sep-82,10.31,10.85,11.78,12.25,12.34,12.16
Oct-82,9.71,9.32,10.19,10.8,10.91,10.97
Nov-82,9.2,9.16,9.8,10.38,10.55,10.57
Dec-82,8.95,8.91,9.66,10.22,10.54,10.62
Jan-83,8.68,8.62,9.33,10.03,10.46,10.78
Feb-83,8.51,8.92,9.64,10.26,10.72,11.03
Mar-83,8.77,9.04,9.66,10.08,10.51,10.8
Apr-83,8.8,8.98,9.57,10.02,10.4,10.63
May-83,8.63,8.9,9.49,10.03,10.38,10.67
Jun-83,8.98,9.66,10.18,10.63,10.85,11.12
Jul-83,9.37,10.2,10.69,11.21,11.38,11.59
Aug-83,9.56,10.53,11.07,11.63,11.85,11.96
Sep-83,9.45,10.16,10.79,11.43,11.65,11.82
Oct-83,9.48,9.81,10.57,11.28,11.54,11.77
Nov-83,9.34,9.94,10.66,11.41,11.69,11.92
Dec-83,9.47,10.11,10.84,11.54,11.83,12.02
Jan-84,9.56,9.9,10.64,11.37,11.67,11.82
Feb-84,9.59,10.04,10.79,11.54,11.84,12
Mar-84,9.91,10.59,11.31,12.02,12.32,12.45
Apr-84,10.29,10.9,11.69,12.37,12.63,12.65
May-84,10.32,11.66,12.47,13.17,13.41,13.43
Jun-84,11.06,12.08,12.91,13.48,13.56,13.54
Jul-84,11.23,12.03,12.88,13.27,13.36,13.36
Aug-84,11.64,11.82,12.43,12.68,12.72,12.71
Sep-84,11.3,11.58,12.2,12.53,12.52,12.42
Oct-84,9.99,10.9,11.6,12.06,12.16,12.04
Nov-84,9.43,9.82,10.65,11.33,11.57,11.66
Dec-84,8.38,9.33,10.18,11.07,11.5,11.64
Jan-85,8.35,9.02,9.93,10.93,11.38,11.58
Feb-85,8.5,9.29,10.17,11.13,11.51,11.7
Mar-85,8.58,9.86,10.71,11.52,11.86,12.06
Apr-85,8.27,9.14,10.09,11.01,11.43,11.69
May-85,7.97,8.46,9.39,10.34,10.85,11.19
Jun-85,7.53,7.8,8.69,9.6,10.16,10.57
Jul-85,7.88,7.86,8.77,9.7,10.31,10.68
Aug-85,7.9,8.05,8.94,9.81,10.33,10.73
Sep-85,7.92,8.07,8.98,9.81,10.37,10.8
Oct-85,7.99,8.01,8.86,9.69,10.24,10.67
Nov-85,8.05,7.88,8.58,9.28,9.78,10.24
Dec-85,8.27,7.67,8.15,8.73,9.26,9.75
Jan-86,8.14,7.73,8.14,8.68,9.19,9.59
Feb-86,7.86,7.61,7.97,8.34,8.7,9.08
Mar-86,7.48,7.03,7.21,7.46,7.78,8.09
Apr-86,6.99,6.44,6.7,7.05,7.3,7.5
May-86,6.85,6.65,7.07,7.52,7.71,7.81
Jun-86,6.92,6.73,7.18,7.64,7.8,7.69
Jul-86,6.56,6.27,6.67,7.06,7.3,7.29
Aug-86,6.17,5.93,6.33,6.8,7.17,7.28
Sep-86,5.89,5.77,6.35,6.92,7.45,7.56
Oct-86,5.85,5.72,6.28,6.83,7.43,7.61
Nov-86,6.04,5.8,6.28,6.76,7.25,7.42
Dec-86,6.91,5.87,6.27,6.67,7.11,7.28
Jan-87,6.43,5.78,6.23,6.64,7.08,7.235
Feb-87,6.1,5.96,6.4,6.79,7.25,7.395
Mar-87,6.13,6.03,6.42,6.79,7.25,7.4
Apr-87,6.37,6.5,7.02,7.57,8.02,8.135
May-87,6.85,7,7.76,8.26,8.61,8.695
Jun-87,6.73,6.8,7.57,8.02,8.4,8.485
Jul-87,6.58,6.68,7.44,8.01,8.45,8.545
Aug-87,6.73,7.03,7.75,8.32,8.76,8.865
Sep-87,7.22,7.67,8.34,8.94,9.42,9.505
Oct-87,7.29,7.59,8.4,9.08,9.52,9.565
Nov-87,6.69,6.96,7.69,8.35,8.86,8.905
Dec-87,6.77,7.17,7.86,8.45,8.99,9.055
Jan-88,6.83,6.99,7.63,8.18,8.67,8.75
Feb-88,6.58,6.64,7.18,7.71,8.21,8.32
Mar-88,6.58,6.71,7.27,7.83,8.37,8.5
Apr-88,6.87,7.01,7.59,8.19,8.72,8.835
May-88,7.09,7.4,8,8.58,9.09,9.16
Jun-88,7.51,7.49,8.03,8.49,8.92,8.96
Jul-88,7.75,7.75,8.28,8.66,9.06,9.1
Aug-88,8.01,8.17,8.63,8.94,9.26,9.29
Sep-88,8.19,8.09,8.46,8.69,8.98,9.02
Oct-88,8.3,8.11,8.35,8.51,8.8,8.845
Nov-88,8.35,8.48,8.67,8.79,8.96,8.99
Dec-88,8.76,8.99,9.09,9.09,9.11,9.06
Jan-89,9.12,9.05,9.18,9.15,9.09,9.01
Feb-89,9.36,9.25,9.37,9.27,9.17,9.09
Mar-89,9.85,9.57,9.68,9.51,9.36,9.265
Apr-89,9.84,9.36,9.45,9.3,9.18,9.105
May-89,9.81,8.98,9.02,8.91,8.86,8.845
Jun-89,9.53,8.44,8.41,8.29,8.28,8.275
Jul-89,9.24,7.89,7.82,7.83,8.02,8.05
Aug-89,8.99,8.18,8.14,8.09,8.11,8.115
Sep-89,9.02,8.22,8.28,8.17,8.19,8.17
Oct-89,8.84,7.99,7.98,7.97,8.01,8.005
Nov-89,8.55,7.77,7.8,7.81,7.87,7.885
Dec-89,8.45,7.72,7.78,7.75,7.84,7.87
Jan-90,8.23,7.92,8.09,8.12,8.21,8.235
Feb-90,8.24,8.11,8.37,8.42,8.47,8.485
Mar-90,8.28,8.35,8.63,8.6,8.59,8.575
Apr-90,8.26,8.4,8.72,8.77,8.79,8.775
May-90,8.18,8.32,8.64,8.74,8.76,8.745
Jun-90,8.29,8.1,8.35,8.43,8.48,8.47
Jul-90,8.15,7.94,8.16,8.33,8.47,8.485
Aug-90,8.13,7.78,8.06,8.44,8.75,8.805
Sep-90,8.2,7.76,8.08,8.51,8.89,8.96
Oct-90,8.11,7.55,7.88,8.33,8.72,8.79
Nov-90,7.81,7.31,7.6,8.02,8.39,8.465
Dec-90,7.31,7.05,7.31,7.73,8.08,8.16
Jan-91,6.91,6.64,7.13,7.7,8.09,8.18
Feb-91,6.25,6.27,6.87,7.47,7.85,7.94
Mar-91,6.12,6.4,7.1,7.77,8.11,8.2
Apr-91,5.91,6.24,6.95,7.7,8.04,8.125
May-91,5.78,6.13,6.78,7.7,8.07,8.17
Jun-91,5.9,6.36,6.96,7.94,8.28,8.375
Jul-91,5.82,6.31,6.92,7.91,8.27,8.36
Aug-91,5.66,5.78,6.43,7.43,7.9,8.02
Sep-91,5.45,5.57,6.18,7.14,7.65,7.8
Oct-91,5.21,5.33,5.91,6.87,7.53,7.73
Nov-91,4.81,4.89,5.56,6.62,7.42,7.67
Dec-91,4.43,4.38,5.03,6.19,7.09,7.395
Jan-92,4.03,4.15,4.96,6.24,7.03,7.305
Feb-92,4.06,4.29,5.21,6.58,7.34,7.595
Mar-92,3.98,4.63,5.69,6.95,7.54,7.755
Apr-92,3.73,4.3,5.34,6.78,7.48,7.72
May-92,3.82,4.19,5.23,6.69,7.39,7.64
Jun-92,3.76,4.17,5.05,6.48,7.26,7.55
Jul-92,3.25,3.6,4.36,5.84,6.84,7.22
Aug-92,3.3,3.47,4.19,5.6,6.59,6.99
Sep-92,3.22,3.18,3.89,5.38,6.42,6.88
Oct-92,3.1,3.3,4.08,5.6,6.59,7.06
Nov-92,3.09,3.68,4.58,6.04,6.87,7.24
Dec-92,2.92,3.71,4.67,6.08,6.77,7.105
Jan-93,3.02,3.5,4.39,5.83,6.6,6.97
Feb-93,3.03,3.39,4.1,5.43,6.26,6.675
Mar-93,3.07,3.33,3.95,5.19,5.98,6.4
Apr-93,2.96,3.24,3.84,5.13,5.97,6.41
May-93,3,3.36,3.98,5.2,6.04,6.48
Jun-93,3.04,3.54,4.16,5.22,5.96,6.385
Jul-93,3.06,3.47,4.07,5.09,5.81,6.22
Aug-93,3.03,3.44,4,5.03,5.68,6
Sep-93,3.09,3.36,3.85,4.73,5.36,5.68
Oct-93,2.99,3.39,3.87,4.71,5.33,6.07
Nov-93,3.02,3.58,4.16,5.06,5.72,6.38
Dec-93,2.96,3.61,4.21,5.15,5.77,6.4
Jan-94,3.05,3.54,4.14,5.09,5.75,6.39
Feb-94,3.25,3.87,4.47,5.4,5.97,6.57
Mar-94,3.34,4.32,5,5.94,6.48,7
Apr-94,3.56,4.82,5.55,6.52,6.97,7.4
May-94,4.01,5.31,5.97,6.78,7.18,7.54
Jun-94,4.25,5.27,5.93,6.7,7.1,7.51
Jul-94,4.26,5.48,6.13,6.91,7.3,7.67
Aug-94,4.47,5.56,6.18,6.88,7.24,7.62
Sep-94,4.73,5.76,6.39,7.08,7.46,7.87
Oct-94,4.76,6.11,6.73,7.4,7.74,8.08
Nov-94,5.29,6.54,7.15,7.72,7.96,8.2
Dec-94,5.45,7.14,7.59,7.78,7.81,7.99
Jan-95,5.53,7.05,7.51,7.76,7.78,7.97
Feb-95,5.92,6.7,7.11,7.37,7.47,7.73
Mar-95,5.98,6.43,6.78,7.05,7.2,7.57
Apr-95,6.05,6.27,6.57,6.86,7.06,7.45
May-95,6.01,6,6.17,6.41,6.63,7.01
Jun-95,6,5.64,5.72,5.93,6.17,6.59
Jul-95,5.85,5.59,5.78,6.01,6.28,6.74
Aug-95,5.74,5.75,5.98,6.24,6.49,6.92
Sep-95,5.8,5.62,5.81,6,6.2,6.65
Oct-95,5.76,5.59,5.7,5.86,6.04,6.45
Nov-95,5.8,5.43,5.48,5.69,5.93,6.33
Dec-95,5.6,5.31,5.32,5.51,5.71,6.12
Jan-96,5.56,5.09,5.11,5.36,5.65,6.11
Feb-96,5.22,4.94,5.03,5.38,5.81,6.3
Mar-96,5.31,5.34,5.66,5.97,6.27,6.74
Apr-96,5.22,5.54,5.96,6.3,6.51,6.98
May-96,5.24,5.64,6.1,6.48,6.74,7.11
Jun-96,5.27,5.81,6.3,6.69,6.91,7.22
Jul-96,5.4,5.85,6.27,6.64,6.87,7.14
Aug-96,5.22,5.67,6.03,6.39,6.64,6.97
Sep-96,5.3,5.83,6.23,6.6,6.83,7.17
Oct-96,5.24,5.55,5.91,6.27,6.53,6.9
Nov-96,5.31,5.42,5.7,5.97,6.2,6.58
Dec-96,5.29,5.47,5.78,6.07,6.3,6.65
Jan-97,5.25,5.61,6.01,6.33,6.58,6.91
Feb-97,5.19,5.53,5.9,6.2,6.42,6.77
Mar-97,5.39,5.8,6.22,6.54,6.69,7.05
Apr-97,5.51,5.99,6.45,6.76,6.89,7.2
May-97,5.5,5.87,6.28,6.57,6.71,7.02
Jun-97,5.56,5.69,6.09,6.38,6.49,6.84
Jul-97,5.52,5.54,5.89,6.12,6.22,6.56
Aug-97,5.54,5.56,5.94,6.16,6.3,6.65
Sep-97,5.54,5.52,5.88,6.11,6.21,6.56
Oct-97,5.5,5.46,5.77,5.93,6.03,6.38
Nov-97,5.52,5.46,5.71,5.8,5.88,6.2
Dec-97,5.5,5.53,5.72,5.77,5.81,6.07
Jan-98,5.56,5.24,5.36,5.42,5.54,5.88
Feb-98,5.51,5.31,5.42,5.49,5.57,5.96
Mar-98,5.49,5.39,5.56,5.61,5.65,6.01
Apr-98,5.45,5.38,5.56,5.61,5.64,6
May-98,5.49,5.44,5.59,5.63,5.65,6.01
Jun-98,5.56,5.41,5.52,5.52,5.5,5.8
Jul-98,5.54,5.36,5.46,5.46,5.46,5.78
Aug-98,5.55,5.21,5.27,5.27,5.34,5.66
Sep-98,5.51,4.71,4.67,4.62,4.81,5.38
Oct-98,5.07,4.12,4.09,4.18,4.53,5.3
Nov-98,4.83,4.53,4.54,4.54,4.83,5.48
Dec-98,4.68,4.52,4.51,4.45,4.65,5.36
Jan-99,4.63,4.51,4.62,4.6,4.72,5.45
Feb-99,4.76,4.7,4.88,4.91,5,5.66
Mar-99,4.81,4.78,5.05,5.14,5.23,5.87
Apr-99,4.74,4.69,4.98,5.08,5.18,5.82
May-99,4.74,4.85,5.25,5.44,5.54,6.08
Jun-99,4.76,5.1,5.62,5.81,5.9,6.36
Jul-99,4.99,5.03,5.55,5.68,5.79,6.28
Aug-99,5.07,5.2,5.68,5.84,5.94,6.43
Sep-99,5.22,5.25,5.66,5.8,5.92,6.5
Oct-99,5.2,5.43,5.86,6.03,6.11,6.66
Nov-99,5.42,5.55,5.86,5.97,6.03,6.48
Dec-99,5.3,5.84,6.1,6.19,6.28,6.69
Jan-00,5.45,6.12,6.44,6.58,6.66,6.86
Feb-00,5.73,6.22,6.61,6.68,6.52,6.54
Mar-00,5.85,6.22,6.53,6.5,6.26,6.38
Apr-00,6.02,6.15,6.4,6.26,5.99,6.18
May-00,6.27,6.33,6.81,6.69,6.44,6.55
Jun-00,6.53,6.17,6.48,6.3,6.1,6.28
Jul-00,6.54,6.08,6.34,6.18,6.05,6.2
Aug-00,6.5,6.18,6.23,6.06,5.83,6.02
Sep-00,6.52,6.13,6.08,5.93,5.8,6.09
Oct-00,6.51,6.01,5.91,5.78,5.74,6.04
Nov-00,6.51,6.09,5.88,5.7,5.72,5.98
Dec-00,6.4,5.6,5.35,5.17,5.24,5.64
1-Jan,5.98,4.81,4.76,4.86,5.16,5.65
1-Feb,5.49,4.68,4.66,4.89,5.1,5.62
1-Mar,5.31,4.3,4.34,4.64,4.89,5.49
1-Apr,4.8,3.98,4.23,4.76,5.14,5.78
1-May,4.21,3.78,4.26,4.93,5.39,5.92
1-Jun,3.97,3.58,4.08,4.81,5.28,5.82
1-Jul,3.77,3.62,4.04,4.76,5.24,5.75
1-Aug,3.65,3.47,3.76,4.57,4.97,5.58
1-Sep,3.07,2.82,3.12,4.12,4.73,5.53
1-Oct,2.49,2.33,2.73,3.91,4.57,5.34
1-Nov,2.09,2.18,2.78,3.97,4.65,5.33
1-Dec,1.82,2.22,3.11,4.39,5.09,5.76
2-Jan,1.73,2.16,3.03,4.34,5.04,5.69
2-Feb,1.74,2.23,3.02,4.3,4.91,5.61
2-Mar,1.73,2.57,3.56,4.74,5.28,5.93
2-Apr,1.75,2.48,3.42,4.65,5.21,5.85
2-May,1.75,2.35,3.26,4.49,5.16,5.81
2-Jun,1.75,2.2,2.99,4.19,4.93,5.65
2-Jul,1.73,1.96,2.56,3.81,4.65,5.51
2-Aug,1.74,1.76,2.13,3.29,4.26,5.19
2-Sep,1.75,1.72,2,2.94,3.87,4.87
2-Oct,1.75,1.65,1.91,2.95,3.94,5
2-Nov,1.34,1.49,1.92,3.05,4.05,5.04
2-Dec,1.24,1.45,1.84,3.03,4.03,5.01
3-Jan,1.24,1.36,1.74,3.05,4.05,5.02
3-Feb,1.26,1.3,1.63,2.9,3.9,4.87
3-Mar,1.25,1.24,1.57,2.78,3.81,4.82
3-Apr,1.26,1.27,1.62,2.93,3.96,4.91
3-May,1.26,1.18,1.42,2.52,3.57,4.52
3-Jun,1.22,1.01,1.23,2.27,3.33,4.34
3-Jul,1.01,1.12,1.47,2.87,3.98,4.92
3-Aug,1.03,1.31,1.86,3.37,4.45,5.39
3-Sep,1.01,1.24,1.71,3.18,4.27,5.21
3-Oct,1.01,1.25,1.75,3.19,4.29,5.21
3-Nov,1,1.34,1.93,3.29,4.3,5.17
3-Dec,0.98,1.31,1.91,3.27,4.27,5.11
4-Jan,1,1.24,1.76,3.12,4.15,5.01
4-Feb,1.01,1.24,1.74,3.07,4.08,4.94
4-Mar,1,1.19,1.58,2.79,3.83,4.72
4-Apr,1,1.43,2.07,3.39,4.35,5.16
4-May,1,1.78,2.53,3.85,4.72,5.46
4-Jun,1.03,2.12,2.76,3.93,4.73,5.45
4-Jul,1.26,2.1,2.64,3.69,4.5,5.24
4-Aug,1.43,2.02,2.51,3.47,4.28,5.07
4-Sep,1.61,2.12,2.53,3.36,4.13,4.89
4-Oct,1.76,2.23,2.58,3.35,4.1,4.85
4-Nov,1.93,2.5,2.85,3.53,4.19,4.89
4-Dec,2.16,2.67,3.01,3.6,4.23,4.88
5-Jan,2.28,2.86,3.22,3.71,4.22,4.77
5-Feb,2.5,3.03,3.38,3.77,4.17,4.61
5-Mar,2.63,3.3,3.73,4.17,4.5,4.89
5-Apr,2.79,3.32,3.65,4,4.34,4.75
5-May,3,3.33,3.64,3.85,4.14,4.56
5-Jun,3.04,3.36,3.64,3.77,4,4.35
5-Jul,3.26,3.64,3.87,3.98,4.18,4.48
5-Aug,3.5,3.87,4.04,4.12,4.26,4.53
5-Sep,3.62,3.85,3.95,4.01,4.2,4.51
5-Oct,3.78,4.18,4.27,4.33,4.46,4.74
5-Nov,4,4.33,4.42,4.45,4.54,4.83
5-Dec,4.16,4.35,4.4,4.39,4.47,4.73
6-Jan,4.29,4.45,4.4,4.35,4.42,4.65
6-Feb,4.49,4.68,4.67,4.57,4.57,4.73
6-Mar,4.59,4.77,4.73,4.72,4.72,4.91
6-Apr,4.79,4.9,4.89,4.9,4.99,5.22
6-May,4.94,5,4.97,5,5.11,5.35
6-Jun,4.99,5.16,5.12,5.07,5.11,5.29
6-Jul,5.24,5.22,5.12,5.04,5.09,5.25
6-Aug,5.25,5.08,4.9,4.82,4.88,5.08
6-Sep,5.25,4.97,4.77,4.67,4.72,4.93
6-Oct,5.25,5.01,4.8,4.69,4.73,4.94
6-Nov,5.25,5.01,4.74,4.58,4.6,4.78
6-Dec,5.24,4.94,4.67,4.53,4.56,4.78
7-Jan,5.25,5.06,4.88,4.75,4.76,4.95
7-Feb,5.26,5.05,4.85,4.71,4.72,4.93
7-Mar,5.26,4.92,4.57,4.48,4.56,4.81
7-Apr,5.25,4.93,4.67,4.59,4.69,4.95
7-May,5.25,4.91,4.77,4.67,4.75,4.98
7-Jun,5.25,4.96,4.98,5.03,5.1,5.29
7-Jul,5.26,4.96,4.82,4.88,5,5.19
7-Aug,5.02,4.47,4.31,4.43,4.67,5
7-Sep,4.94,4.14,4.01,4.2,4.52,4.84
7-Oct,4.76,4.1,3.97,4.2,4.53,4.83
7-Nov,4.49,3.5,3.34,3.67,4.15,4.56
7-Dec,4.24,3.26,3.12,3.49,4.1,4.57
8-Jan,3.94,2.71,2.48,2.98,3.74,4.35
8-Feb,2.98,2.05,1.97,2.78,3.74,4.49
8-Mar,2.61,1.54,1.62,2.48,3.51,4.36
8-Apr,2.28,1.74,2.05,2.84,3.68,4.44
8-May,1.98,2.06,2.45,3.15,3.88,4.6
8-Jun,2,2.42,2.77,3.49,4.1,4.74
8-Jul,2.01,2.28,2.57,3.3,4.01,4.62
8-Aug,2,2.18,2.42,3.14,3.89,4.53
8-Sep,1.81,1.91,2.08,2.88,3.69,4.32
8-Oct,0.97,1.42,1.61,2.73,3.81,4.45
8-Nov,0.39,1.07,1.21,2.29,3.53,4.27
8-Dec,0.16,0.49,0.82,1.52,2.42,3.18
9-Jan,0.15,0.44,0.81,1.6,2.52,3.46
9-Feb,0.22,0.62,0.98,1.87,2.87,3.83
9-Mar,0.18,0.64,0.93,1.82,2.82,3.78
9-Apr,0.15,0.55,0.93,1.86,2.93,3.84
9-May,0.18,0.5,0.93,2.13,3.29,4.22
9-Jun,0.21,0.51,1.18,2.71,3.72,4.51
9-Jul,0.16,0.48,1.02,2.46,3.56,4.38
9-Aug,0.16,0.46,1.12,2.57,3.59,4.33
9-Sep,0.15,0.4,0.96,2.37,3.4,4.14
9-Oct,0.12,0.37,0.95,2.33,3.39,4.16
9-Nov,0.12,0.31,0.8,2.23,3.4,4.24
9-Dec,0.12,0.37,0.87,2.34,3.59,4.4
10-Jan,0.11,0.35,0.93,2.48,3.73,4.5
10-Feb,0.13,0.35,0.86,2.36,3.69,4.48
10-Mar,0.16,0.4,0.96,2.43,3.73,4.49
10-Apr,0.2,0.45,1.06,2.58,3.85,4.53
10-May,0.2,0.37,0.83,2.18,3.42,4.11
10-Jun,0.18,0.32,0.72,2,3.2,3.95
10-Jul,0.18,0.29,0.62,1.76,3.01,3.8
10-Aug,0.19,0.26,0.52,1.47,2.7,3.52
10-Sep,0.19,0.26,0.48,1.41,2.65,3.47
10-Oct,0.19,0.23,0.38,1.18,2.54,3.52
10-Nov,0.19,0.25,0.45,1.35,2.76,3.82
10-Dec,0.18,0.29,0.62,1.93,3.29,4.17
11-Jan,0.17,0.27,0.61,1.99,3.39,4.28
11-Feb,0.16,0.29,0.77,2.26,3.58,4.42
11-Mar,0.14,0.26,0.7,2.11,3.41,4.27
11-Apr,0.1,0.25,0.73,2.17,3.46,4.28
11-May,0.09,0.19,0.56,1.84,3.17,4.01
11-Jun,0.09,0.18,0.41,1.58,3,3.91
11-Jul,0.07,0.19,0.41,1.54,3,3.95
11-Aug,0.1,0.11,0.23,1.02,2.3,3.24
11-Sep,0.08,0.1,0.21,0.9,1.98,2.83
11-Oct,0.07,0.11,0.28,1.06,2.15,2.87
11-Nov,0.08,0.11,0.25,0.91,2.01,2.72
11-Dec,0.07,0.12,0.26,0.89,1.98,2.67
12-Jan,0.08,0.12,0.24,0.84,1.97,2.7
12-Feb,0.1,0.16,0.28,0.83,1.97,2.75
12-Mar,0.13,0.19,0.34,1.02,2.17,2.94
12-Apr,0.14,0.18,0.29,0.89,2.05,2.82
12-May,0.16,0.19,0.29,0.76,1.8,2.53
12-Jun,0.16,0.19,0.29,0.71,1.62,2.31
12-Jul,0.16,0.19,0.25,0.62,1.53,2.22
12-Aug,0.13,0.18,0.27,0.71,1.68,2.4
12-Sep,0.14,0.18,0.26,0.67,1.72,2.49
12-Oct,0.16,0.18,0.28,0.71,1.75,2.51
12-Nov,0.16,0.18,0.27,0.67,1.65,2.39
12-Dec,0.16,0.16,0.26,0.7,1.72,2.47
13-Jan,0.14,0.15,0.27,0.81,1.91,2.68
13-Feb,0.15,0.16,0.27,0.85,1.98,2.78
13-Mar,0.14,0.15,0.26,0.82,1.96,2.78
13-Apr,0.15,0.12,0.23,0.71,1.76,2.55
13-May,0.11,0.12,0.25,0.84,1.93,2.73
13-Jun,0.09,0.14,0.33,1.2,2.3,3.07
13-Jul,0.09,0.12,0.34,1.4,2.58,3.31
13-Aug,0.08,0.13,0.36,1.52,2.74,3.49
13-Sep,0.08,0.12,0.4,1.6,2.81,3.53
13-Oct,0.09,0.12,0.34,1.37,2.62,3.38
13-Nov,0.08,0.12,0.3,1.37,2.72,3.5
13-Dec,0.09,0.13,0.34,1.58,2.9,3.63
14-Jan,0.07,0.12,0.39,1.65,2.86,3.52
14-Feb,0.07,0.12,0.33,1.52,2.71,3.38
14-Mar,0.08,0.13,0.4,1.64,2.72,3.35
14-Apr,0.09,0.11,0.42,1.7,2.71,3.27
14-May,0.09,0.1,0.39,1.59,2.56,3.12
14-Jun,0.1,0.1,0.45,1.68,2.6,3.15
14-Jul,0.09,0.11,0.51,1.7,2.54,3.07
14-Aug,0.09,0.11,0.47,1.63,2.42,2.94
14-Sep,0.09,0.11,0.57,1.77,2.53,3.01
14-Oct,0.09,0.1,0.45,1.55,2.3,2.77
14-Nov,0.09,0.13,0.53,1.62,2.33,2.76
14-Dec,0.12,0.21,0.64,1.64,2.21,2.55
15-Jan,0.11,0.2,0.55,1.37,1.88,2.2
15-Feb,0.11,0.22,0.62,1.47,1.98,2.34
15-Mar,0.11,0.25,0.64,1.52,2.04,2.41
15-Apr,0.12,0.23,0.54,1.35,1.94,2.33
15-May,0.12,0.24,0.61,1.54,2.2,2.69
15-Jun,0.13,0.28,0.69,1.68,2.36,2.85
15-Jul,0.13,0.3,0.67,1.63,2.32,2.77
15-Aug,0.14,0.38,0.7,1.54,2.17,2.55
15-Sep,0.14,0.37,0.71,1.49,2.17,2.62
15-Oct,0.12,0.26,0.64,1.39,2.07,2.5
15-Nov,0.12,0.48,0.88,1.67,2.26,2.69
15-Dec,0.24,0.65,0.98,1.7,2.24,2.61
16-Jan,0.34,0.54,0.9,1.52,2.09,2.49
16-Feb,0.38,0.53,0.73,1.22,1.78,2.2
16-Mar,0.36,0.66,0.88,1.38,1.89,2.28
16-Apr,0.37,0.56,0.77,1.26,1.81,2.21
16-May,0.37,0.59,0.82,1.3,1.81,2.22
16-Jun,0.38,0.55,0.73,1.17,1.64,2.02
16-Jul,0.39,0.51,0.67,1.07,1.5,1.82
16-Aug,0.4,0.57,0.74,1.13,1.56,1.89
16-Sep,0.4,0.59,0.77,1.18,1.63,2.02
16-Oct,0.4,0.66,0.84,1.27,1.76,2.17
16-Nov,0.41,0.74,0.98,1.6,2.14,2.54
16-Dec,0.54,0.87,1.2,1.96,2.49,2.84
17-Jan,0.65,0.83,1.21,1.92,2.43,2.75
17-Feb,0.66,0.82,1.2,1.9,2.42,2.76
17-Mar,0.79,1.01,1.31,2.01,2.48,2.83
17-Apr,0.9,1.04,1.24,1.82,2.3,2.67
17-May,0.91,1.12,1.3,1.84,2.3,2.7
17-Jun,1.04,1.2,1.34,1.77,2.19,2.54
17-Jul,1.15,1.22,1.37,1.87,2.32,2.65
17-Aug,1.16,1.23,1.34,1.78,2.21,2.55
17-Sep,1.15,1.28,1.38,1.8,2.2,2.53
17-Oct,1.15,1.4,1.55,1.98,2.36,2.65
17-Nov,1.16,1.56,1.7,2.05,2.35,2.6
17-Dec,1.3,1.7,1.84,2.18,2.4,2.6
18-Jan,1.41,1.8,2.03,2.38,2.58,2.73
18-Feb,1.42,1.96,2.18,2.6,2.86,3.02
18-Mar,1.51,2.06,2.28,2.63,2.84,2.97
18-Apr,1.69,2.15,2.38,2.7,2.87,2.96
18-May,1.7,2.27,2.51,2.82,2.98,3.05
18-Jun,1.82,2.33,2.53,2.78,2.91,2.98
18-Jul,1.91,2.39,2.61,2.78,2.89,2.94
18-Aug,1.91,2.45,2.64,2.77,2.89,2.97
18-Sep,1.95,2.56,2.77,2.89,3,3.08
18-Oct,2.19,2.65,2.86,3,3.15,3.27
18-Nov,2.2,2.7,2.86,2.95,3.12,3.27
18-Dec,2.27,2.66,2.68,2.68,2.83,2.98
19-Jan,2.4,2.58,2.54,2.54,2.71,2.89
19-Feb,2.4,2.55,2.5,2.49,2.68,2.87
19-Mar,2.41,2.49,2.41,2.37,2.57,2.8
19-Apr,2.42,2.42,2.34,2.33,2.53,2.76
19-May,2.39,2.34,2.21,2.19,2.4,2.63
19-Jun,2.38,2,1.81,1.83,2.07,2.36
19-Jul,2.4,1.96,1.84,1.83,2.06,2.36
19-Aug,2.13,1.77,1.57,1.49,1.63,1.91
19-Sep,2.04,1.8,1.65,1.57,1.7,1.97
19-Oct,1.83,1.61,1.55,1.53,1.71,2
19-Nov,1.55,1.57,1.61,1.64,1.81,2.13
19-Dec,1.55,1.55,1.61,1.68,1.86,2.16
20-Jan,1.55,1.53,1.52,1.56,1.76,2.07
20-Feb,1.58,1.41,1.33,1.32,1.5,1.81
20-Mar,0.65,0.33,0.45,0.59,0.87,1.26