,R_PCE,R_DPI,SR,HUS,IPI_M,CUR_M,ISM_M,MIC_I,MIC_E,T_PCEIX,C_PCEIX,C_CPI,C_CPI_INF,NFE,UR,MB,M2,R_EFCR,SP500,SPR_1TNFF,SPR_5TNFF,SPR_10TNFF
1980-01,4267.292621,4920.821,9.9,1341,48.363,82.96,-3.8,10.4,67,10.5,8.24,76.6,11.98830409,90800,6.3,155995,1482.7,92.5494533,114.16,-1.76,-3.08,-3.02
1980-02,4233.42522,4894.4,10.1,1350,48.271,82.61,0.2,10,66.9,11.1,8.97,77.3,12.02898551,90883,6.3,153896,1494.6,93.11335209,113.66,-0.21,-1.53,-1.72
1980-03,4199.826607,4863.703,10.2,1047,47.917,81.82,-6.4,10.2,56.5,11.59,9.35,78.3,12.5,90994,6.3,155032,1499.8,95.76681875,102.09,-1.37,-3.72,-4.44
1980-04,4145.929523,4858.439,11.3,1051,46.881,79.87,-12.6,10.1,52.7,11.02,8.9,79.3,12.96296296,90849,6.9,157858,1502.2,96.3693336,106.29,-4.31,-5.77,-6.14
1980-05,4125.303008,4840.608,11.4,927,45.424,77.2,-20.6,8.6,51.7,10.74,8.84,80.2,13.27683616,90420,7.5,157915,1512.3,93.29871362,111.24,-1.59,-1.03,-0.8
1980-06,4146.033174,4851.164,11.2,1196,44.71,75.8,-19.7,8.5,58.7,10.53,8.95,81.1,13.58543417,90101,7.6,158922,1529.2,91.76706662,114.24,-1.31,-0.26,0.31
1980-07,4183.686351,4893.881,11.3,1269,44.179,74.72,-15,9.6,62.3,10.54,9.17,80.9,12.36111111,89840,7.8,159940,1545.5,90.91084775,121.67,-0.38,0.5,1.22
1980-08,4187.874225,4899.173,11.3,1436,44.531,75.11,-4.5,7.6,67.3,10.62,9.23,81.3,11.82943604,90099,7.7,158388,1561.5,91.56539527,122.38,0.63,1.23,1.49
1980-09,4187.874225,4920.365,11.7,1471,45.28,76.17,0.1,9.1,73.7,10.66,9.51,82.2,11.98910082,90213,7.5,159391,1574,90.86710064,125.46,0.65,0.75,0.64
1980-10,4238.739094,4959.231,11.3,1523,46.137,77.4,5.5,9.6,75,10.65,9.61,83.2,12.28070175,90490,7.5,160925,1584.8,91.14752646,127.47,-0.32,-0.95,-1.06
1980-11,4226.060911,4966.823,11.6,1510,47.008,78.63,8.2,8.6,76.7,10.78,9.77,84.1,12.13333333,90747,7.5,162049,1595.8,92.69132766,140.52,-1.7,-3.02,-3.17
1980-12,4255.851875,4990.033,11.4,1482,47.125,78.59,3,9.7,64.5,10.57,9.65,84.9,12.15323646,90943,7.2,163376,1599.8,93.49748854,135.76,-4.02,-5.65,-6.06
1981-01,4255.851875,4970.676,10.9,1547,46.979,78.11,-0.8,9.5,71.4,10.47,9.76,85.3,11.35770235,91033,7.5,161080,1606.9,93.02981464,129.55,-5,-6.31,-6.51
1981-02,4243.122507,4955.312,10.8,1246,46.723,77.45,-1.2,8.6,66.9,10.39,9.47,85.7,10.86675291,91105,7.4,158982,1618.7,95.35693849,131.27,-1.36,-2.52,-2.74
1981-03,4255.890178,4969.348,10.8,1306,46.878,77.47,-0.4,7.2,66.5,9.82,9.07,86.1,9.961685824,91210,7.4,159765,1636.6,95.38537782,136,-0.99,-1.29,-1.58
1981-04,4238.93444,4955.432,10.9,1360,47.121,77.64,1.6,8,72.4,9.72,9.21,86.8,9.457755359,91283,7.2,162371,1659.2,96.81307177,132.81,-1.4,-1.73,-2.04
1981-05,4238.93444,4965.071,11,1140,47.343,77.77,3.5,7.3,76.3,9.36,9.08,87.8,9.476309227,91296,7.5,163200,1664.2,99.11295101,132.59,-2.32,-3.89,-4.42
1981-06,4268.816153,4992.182,10.8,1045,47.089,77.13,0.7,7.1,73.1,9.11,8.9,88.7,9.371146732,91490,7.5,163929,1670.3,101.0576101,131.21,-4.24,-5.15,-5.63
1981-07,4260.295562,5070.936,12.3,1041,47.199,77.09,-3.3,6.8,74.1,8.93,8.79,89.9,11.12484549,91601,7.2,166041,1681.9,103.1131881,130.92,-3.32,-4.25,-4.76
1981-08,4286.011632,5085.994,12,940,47.231,76.93,-1.7,5.8,77.2,8.7,8.74,90.7,11.56211562,91565,7.4,166116,1694.3,104.520134,122.79,-1.1,-2.26,-2.88
1981-09,4256.218105,5077.295,12.4,911,46.995,76.35,-7.5,6.9,73.1,8.35,8.43,91.9,11.80048662,91477,7.6,164686,1706,102.7836323,116.18,0.65,0.06,-0.55
1981-10,4235.04289,5083.868,13,873,46.565,75.46,-10,6.7,70.3,7.98,8.18,92.3,10.9375,91380,7.9,164972,1721.8,101.9104556,121.89,0.3,0.33,0.07
1981-11,4226.589711,5086.947,13.2,837,45.96,74.3,-13.9,7.3,62.5,7.68,7.96,92.7,10.22592152,91171,8.3,167230,1736.1,100.1628408,126.35,-0.9,0.07,0.08
1981-12,4252.102325,5080.282,12.5,910,45.148,72.82,-12.2,5.3,64.3,7.32,7.72,93,9.540636042,90895,8.5,170681,1755.5,99.88074751,122.55,0.48,1.23,1.35
1982-01,4243.615095,5086.945,12.7,843,44.058,70.9,-11.8,5.1,71,6.93,7.45,93.2,9.261430246,90565,8.6,169811,1770.4,100.9545173,120.4,1.1,1.43,1.37
1982-02,4282.154485,5100.875,12.1,866,45.288,72.73,-11.7,5.2,66.5,6.18,7.08,93.5,9.101516919,90563,8.9,167490,1774.5,103.9405476,113.11,-0.05,-0.24,-0.35
1982-03,4277.876609,5100.072,12.2,931,44.892,71.95,-13.2,4.2,62,5.71,6.95,93.7,8.826945412,90434,9,166219,1786.5,106.7345472,111.96,-0.73,-0.7,-0.82
1982-04,4282.158767,5150.523,12.9,917,44.594,71.34,-12.2,4.7,65.5,5.31,6.69,94.5,8.870967742,90150,9.3,168703,1803.9,107.3030999,116.44,-0.96,-0.94,-1.07
1982-05,4295.043899,5128.979,12.3,1025,44.505,71.07,-14.5,3.5,67.5,5.46,6.54,95.4,8.656036446,90107,9.4,170045,1815.4,105.9678252,111.88,-1.11,-0.7,-0.83
1982-06,4273.675521,5100.781,12.3,902,44.426,70.83,-11.7,4.6,65.7,5.8,6.55,96.3,8.568207441,89865,9.6,171679,1826,110.1838356,109.61,-0.08,0.28,0.15
1982-07,4299.472355,5146.935,12.5,1166,44.384,70.66,-11.6,5,65.4,5.79,6.59,96.7,7.563959956,89521,9.8,173381,1831.5,111.7046749,107.09,0.65,1.48,1.36
1982-08,4303.776132,5154.683,12.6,1046,43.972,69.91,-11.7,4.8,65.4,5.46,6.37,97.1,7.056229327,89363,9.8,173975,1845.2,113.985757,119.51,1.31,2.88,2.94
1982-09,4342.861889,5152.352,11.8,1144,43.858,69.64,-11.2,4.5,69.3,5.11,6.07,97.3,5.875952122,89183,10.1,173383,1858.4,114.4683696,120.42,0.54,1.94,2.03
1982-10,4360.303101,5146.283,11.3,1173,43.332,68.73,-10.6,4.7,73.4,5.23,6.11,97.7,5.850487541,88907,10.4,174957,1869.7,114.025699,133.72,-0.39,1.09,1.2
1982-11,4395.466836,5166.053,10.9,1372,43.028,68.18,-10.8,4.5,72.1,4.98,5.88,97.6,5.285868393,88786,10.8,177469,1883.7,113.3851192,138.53,-0.04,1.18,1.35
1982-12,4413.119313,5190.093,10.9,1303,42.878,67.88,-7.2,3.7,71.9,4.81,5.83,97.2,4.516129032,88771,10.8,180717,1905.9,110.1958568,140.64,-0.04,1.27,1.59
1983-01,4417.53685,5207.039,11.1,1586,43.935,69.5,-4,2.8,70.4,4.68,5.9,97.6,4.721030043,88990,10.4,178899,1959.4,109.7312037,145.3,-0.06,1.35,1.78
1983-02,4417.53685,5208.596,11.1,1699,43.91,69.42,4.4,3,74.6,4.55,5.89,97.9,4.705882353,88917,10.4,177044,1996.8,110.7762046,148.06,0.41,1.75,2.21
1983-03,4466.670222,5233.069,10.6,1606,44.323,70.04,3.9,1.8,80.8,4.41,5.56,98.1,4.69583778,89090,10.3,177320,2015.2,111.3738729,152.96,0.27,1.31,1.74
1983-04,4493.632014,5244.165,10.3,1472,44.852,70.84,4.2,3.4,89.1,4.83,5.46,98.6,4.338624339,89364,10.2,180038,2028.6,112.5231976,164.43,0.18,1.22,1.6
1983-05,4520.756554,5254.528,9.9,1776,45.436,71.73,6.1,3.2,93.3,4.51,5.04,98.8,3.5639413,89644,10.1,181386,2043.1,112.4326368,162.39,0.27,1.4,1.75
1983-06,4566.420761,5258.649,9.1,1733,45.807,72.28,7.5,3.2,92.2,4.15,5,99.1,2.907580478,90021,10.1,183320,2053.5,113.8652369,167.64,0.68,1.65,1.87
1983-07,4598.611039,5324.938,9.6,1785,46.51,73.35,13.6,3.2,92.8,4.12,5.03,99.6,2.998965874,90437,9.4,185279,2064.8,114.5322168,162.56,0.83,1.84,2.01
1983-08,4612.448384,5314.938,9.2,1910,46.865,73.87,13.1,3.3,90.9,4.24,5.09,100,2.98661174,90129,9.5,185438,2074,115.9623583,164.4,0.97,2.07,2.29
1983-09,4626.327366,5353.694,9.6,1710,47.798,75.3,12.5,3.3,89.9,4.31,5.13,100.7,3.494347379,91247,9.2,184936,2083.2,115.882604,166.07,0.71,1.98,2.2
1983-10,4663.636457,5401.986,9.7,1715,48.33,76.08,14.4,3.7,89.3,3.91,4.65,101.3,3.684749232,91520,8.8,186416,2099.3,114.7113969,163.55,0.33,1.8,2.06
1983-11,4672.982422,5449.115,10.3,1785,48.523,76.31,16,3.5,91.1,3.74,4.5,101.8,4.303278689,91875,8.5,189064,2112.3,115.597989,166.4,0.6,2.07,2.35
1983-12,4724.956949,5498.653,10.1,1688,48.689,76.5,19.9,3.5,94.2,3.65,4.25,101.9,4.835390947,92230,8.3,192191,2123.5,116.7900542,164.93,0.64,2.07,2.36
1984-01,4753.477816,5524.298,10,1897,49.593,77.82,10.5,3.2,100.1,3.61,3.89,102.3,4.81557377,92673,8,191350,2138.2,117.8429239,163.41,0.34,1.81,2.11
1984-02,4692.475632,5557.357,11.7,2260,50.111,78.53,11.3,3.3,97.4,4.13,4.16,102.6,4.80081716,93157,7.8,186839,2158.2,116.7070725,157.06,0.45,1.95,2.25
1984-03,4730.318178,5594.166,11.5,1663,50.344,78.77,8.9,3.4,101,4.34,4.42,103,4.99490316,93429,7.8,189122,2175.2,115.7247437,159.18,0.68,2.11,2.41
1984-04,4763.663825,5632.776,11.5,1851,50.615,79.06,11,3.9,96.1,4.26,4.59,103.5,4.969574037,93792,7.7,192249,2191.7,116.6276148,160.05,0.61,2.08,2.34
1984-05,4792.418335,5641.51,11.1,1774,50.735,79.09,8.6,4.2,98.1,4.1,4.69,103.9,5.16194332,94098,7.4,192820,2204.1,118.5236949,150.55,1.34,2.85,3.09
1984-06,4826.201747,5679.115,11.1,1843,50.964,79.27,8.1,4.2,95.5,3.89,4.44,104.2,5.146316852,94479,7.2,195695,2215.1,119.1350596,153.18,1.02,2.42,2.5
1984-07,4806.973851,5686.325,11.6,1732,51.199,79.45,6.1,3.4,96.6,3.68,4.19,104.6,5.020080321,94789,7.5,197492,2223.5,122.1107167,150.66,0.8,2.04,2.13
1984-08,4826.278967,5725.052,11.8,1586,51.27,79.36,3,3,99.1,3.56,4,105.1,5.1,95032,7.5,196735,2230.4,122.0898204,166.68,0.18,1.04,1.08
1984-09,4860.301075,5765.768,11.8,1698,51.151,78.96,0,3,100.9,3.34,3.74,105.8,5.064548163,95344,7.3,197898,2244.4,124.3173492,166.1,0.28,1.23,1.22
1984-10,4845.763783,5744.226,11.7,1590,51.338,79.02,0.8,3.5,96.3,3.41,3.79,106.3,4.935834156,95629,7.4,198076,2258.9,125.293474,166.09,0.91,2.07,2.17
1984-11,4914.567732,5769.032,10.9,1689,51.515,79.06,0.3,3.4,95.7,3.4,3.77,106.5,4.616895874,95982,7.2,200592,2281.4,124.2038501,163.58,0.39,1.9,2.14
1984-12,4924.416565,5804.196,11.2,1612,51.695,79.1,0.6,3.3,92.9,3.64,4.1,106.7,4.710500491,96107,7.3,204812,2306.4,126.0487338,167.24,0.95,2.69,3.12
1985-01,4969.138814,5802.257,10.3,1711,51.496,78.55,0.3,2.9,96,3.7,4.34,106.9,4.49657869,96372,7.3,203177,2332.4,127.6122367,179.63,0.67,2.58,3.03
1985-02,4989.095195,5748.504,9.1,1632,51.286,77.99,-0.1,3.1,93.7,3.49,4.22,107.4,4.678362573,96503,7.2,200224,2354.1,130.9560669,181.18,0.79,2.63,3.01
1985-03,4984.111084,5721.865,8.7,1800,51.695,78.38,-2.2,3,93.7,3.55,4.19,107.9,4.757281553,96842,7.2,202719,2366.2,131.5102822,180.66,1.28,2.94,3.28
1985-04,4999.108409,5816.742,9.9,1821,51.476,77.81,-1.8,3.3,94.6,3.31,3.83,108.2,4.541062802,97038,7.3,205511,2375.4,127.8675856,179.83,0.87,2.74,3.16
1985-05,5059.826325,5958.543,11.1,1680,51.579,77.74,-2.9,3.2,91.8,3.43,3.94,108.6,4.523580366,97312,7.2,206691,2389.5,128.2988939,189.55,0.49,2.37,2.88
1985-06,5034.65306,5833.378,9.6,1676,51.671,77.67,-2.2,3.4,96.5,3.52,4.04,108.8,4.414587332,97459,7.4,210250,2412.6,127.3160858,191.85,0.27,2.07,2.63
1985-07,5070.144068,5845.776,9.1,1684,51.362,77.01,-2.1,2.8,94,3.41,3.9,109,4.206500956,97648,7.4,212277,2429.5,124.2553034,190.92,-0.02,1.82,2.43
1985-08,5121.357645,5841.525,8.2,1743,51.671,77.3,-2.3,2.8,92.4,3.43,4.06,109.4,4.091341579,97840,7.1,212802,2444,123.9452405,188.63,0.15,1.91,2.43
1985-09,5194.07469,5866.425,7.3,1676,51.755,77.27,-0.1,2.9,92.1,3.47,4.12,110,3.969754253,98045,7.1,214674,2456.4,124.8588783,182.08,0.15,1.89,2.45
1985-10,5112.278238,5895.484,9.1,1834,51.623,76.94,0.9,3.3,88.4,3.39,4.05,110.7,4.139228598,98233,7.1,216000,2468,120.2496372,189.82,0.02,1.7,2.25
1985-11,5127.661222,5904.296,9,1698,51.976,77.34,2,3.1,90.9,3.55,4.09,111.2,4.41314554,98443,7,219498,2477.8,119.1309505,202.17,-0.17,1.23,1.73
1985-12,5184.692843,5939.47,8.6,1942,52.189,77.56,0.7,3.5,93.9,3.61,3.96,111.3,4.311152765,98609,7,224722,2492.1,118.8032899,211.28,-0.6,0.46,0.99
1986-01,5189.882726,5949.95,8.6,1972,52.776,78.35,1.2,2.9,95.6,3.57,3.94,111.6,4.396632367,98732,6.7,221697,2502.1,118.2321813,211.78,-0.41,0.54,1.05
1986-02,5179.523679,5980.721,9.3,1848,52.518,77.89,1,2.8,95.9,3.09,3.67,111.9,4.189944134,98847,7.2,217759,2512.9,115.0332292,226.92,-0.25,0.48,0.84
1986-03,5195.109006,6041.821,9.9,1876,52.343,77.57,1,2.3,95.1,2.46,3.62,112.3,4.077849861,98934,7.2,221355,2533.1,112.8931547,238.9,-0.45,-0.02,0.3
1986-04,5226.467813,6064.916,9.7,1933,52.428,77.64,-0.3,2.4,96.2,2.1,3.69,112.7,4.15896488,99121,7.1,225063,2557.8,111.7647597,235.52,-0.55,0.06,0.31
1986-05,5258.015908,6070.936,9.3,1854,52.507,77.7,3.4,2.7,94.8,2.05,3.51,112.9,3.959484346,99248,7.2,226423,2584.8,109.9946799,247.35,-0.2,0.67,0.86
1986-06,5247.520866,6066.452,9.4,1847,52.339,77.39,0.5,2.9,99.3,2.15,3.48,113.1,3.952205882,99155,7.2,230141,2605,110.7751699,250.84,-0.19,0.72,0.88
1986-07,5284.512454,6098.276,9.3,1782,52.596,77.7,-2,2.8,97.7,1.92,3.36,113.5,4.128440367,99473,7,232992,2626.6,108.9094864,236.12,-0.29,0.5,0.74
1986-08,5311.067793,6107.395,9,1807,52.779,77.89,2.6,3,94.9,1.72,3.07,113.8,4.021937843,99588,6.9,233236,2646.5,107.4915282,252.93,-0.24,0.63,1
1986-09,5430.539665,6112.998,7.2,1687,52.889,77.95,2.4,2.9,91.9,1.88,3.19,114.5,4.090909091,99934,7,235110,2667.8,107.5872581,231.32,-0.12,1.03,1.56
1986-10,5350.285384,6109.267,8.4,1681,53.103,78.14,1.2,3.2,95.6,1.89,3.38,115.1,3.974706414,100121,7,237005,2687.4,107.6744431,243.98,-0.13,0.98,1.58
1986-11,5334.282537,6113.232,8.8,1623,53.348,78.37,1.2,2.8,91.4,1.78,3.34,115.4,3.776978417,100308,6.9,241953,2701.3,108.6110957,249.22,-0.24,0.72,1.21
1986-12,5454.276622,6123.854,7,1833,53.811,78.89,0.5,3,89.1,1.57,3.19,115.5,3.773584906,100509,6.6,248625,2728,108.4450639,242.17,-1.04,-0.24,0.2
1987-01,5321.245485,6147.472,9.7,1774,53.654,78.48,4.9,2.9,90.4,1.58,2.88,115.8,3.76344086,100678,6.6,246971,2743.9,105.8341546,274.08,-0.65,0.21,0.65
1987-02,5424.307325,6180.111,8.5,1784,54.445,79.45,2.6,3.1,90.2,1.93,2.82,116.1,3.753351206,100919,6.6,242453,2747.5,104.8507633,284.2,-0.14,0.69,1.15
1987-03,5429.737062,6187.925,8.5,1726,54.453,79.26,5,3,90.8,2.43,2.81,116.8,4.007123776,101164,6.6,244774,2753.7,104.2061222,291.7,-0.1,0.66,1.12
1987-04,5457.022172,5955.576,4.5,1614,54.775,79.52,5.5,3,92.8,3.02,3.07,117.4,4.170363798,101499,6.3,249579,2767.7,102.1049927,288.36,0.13,1.2,1.65
1987-05,5462.484657,6197.04,8.2,1628,55.175,79.88,7.2,3.4,91.1,3.09,3.18,117.6,4.162976085,101728,6.3,250593,2772.9,101.4450751,290.1,0.15,1.41,1.76
1987-06,5484.422346,6188.758,7.7,1594,55.343,79.91,7.4,3.3,91.5,3.1,3.15,117.7,4.067197171,101900,6.2,252859,2774.6,102.5243833,304,0.07,1.29,1.67
1987-07,5511.982258,6205.978,7.5,1575,55.781,80.34,7.5,3.1,93.7,3.31,3.23,118,3.964757709,102247,6.1,254802,2779,103.4321812,318.66,0.1,1.43,1.87
1987-08,5556.433728,6232.072,7.2,1605,56.137,80.66,9.3,3.2,94.4,3.59,3.37,118.6,4.217926186,102420,6,254559,2788.2,102.835377,329.8,0.3,1.59,2.03
1987-09,5528.789779,6232.203,7.6,1695,56.461,80.95,10.1,3,93.6,3.6,3.44,119.4,4.279475983,102647,5.9,256258,2799.5,101.1996843,321.83,0.45,1.72,2.2
1987-10,5523.266512,6272.298,8.3,1515,57.408,82.15,10.7,3.3,89.3,3.74,3.53,120.1,4.344048653,103138,6,258112,2814.8,100.7621116,251.79,0.3,1.79,2.23
1987-11,5528.795307,6296.664,8.5,1656,57.717,82.46,8.8,3.2,83.1,3.76,3.53,120.5,4.419410745,103372,5.8,262358,2818.9,97.66831068,230.3,0.27,1.66,2.17
1987-12,5573.382366,6353.039,8.7,1400,58.104,82.9,11,3.1,86.8,3.81,3.61,120.4,4.242424242,103661,5.7,266878,2826.4,95.50947304,247.08,0.4,1.68,2.22
1988-01,5623.998352,6366.382,8.1,1271,57.992,82.65,7.5,3.2,90.8,3.73,3.85,120.8,4.317789292,103753,5.7,266252,2847.4,95.59267315,257.07,0.16,1.35,1.84
1988-02,5629.62798,6403.579,8.6,1473,58.156,82.81,6.2,3.1,91.6,3.51,3.86,121.1,4.306632214,104214,5.7,260724,2870.4,95.75799868,267.82,0.06,1.13,1.63
1988-03,5680.754773,6429.659,8.2,1532,58.32,82.99,4.6,3.2,94.6,3.6,3.99,121.9,4.366438356,104489,5.7,263388,2890.7,94.217426,258.89,0.13,1.25,1.79
1988-04,5658.122283,6451.775,8.8,1573,58.855,83.71,5.8,3.3,91.2,3.72,4.06,122.4,4.258943782,104732,5.4,268448,2910.7,93.46940207,261.33,0.14,1.32,1.85
1988-05,5692.275939,6460.842,8.4,1421,58.773,83.56,5.5,3.3,94.8,3.75,4.12,122.7,4.336734694,104962,5.6,268823,2926,93.55308846,262.16,0.31,1.49,2
1988-06,5709.404151,6484.762,8.4,1478,58.892,83.7,9.3,3.7,94.7,3.8,4.27,123,4.502973662,105326,5.4,273081,2938.4,94.53080204,273.5,-0.02,0.98,1.41
1988-07,5720.845843,6511.849,8.6,1467,58.891,83.67,8.2,4.6,93.4,4.07,4.43,123.3,4.491525424,105550,5.4,275836,2947.2,96.31870885,272.02,0,0.91,1.31
1988-08,5749.593812,6530.102,8.4,1493,58.93,83.69,6,4.4,97.4,3.96,4.34,123.8,4.384485666,105674,5.6,274808,2952,97.09913811,261.52,0.16,0.93,1.25
1988-09,5732.396622,6542.725,8.9,1492,59.154,83.96,4.6,3.9,97.3,4.12,4.48,124.7,4.438860972,106013,5.4,275231,2956.9,96.99048004,271.91,-0.1,0.5,0.79
1988-10,5778.625627,6577.602,8.6,1522,59.438,84.3,5.5,3.9,94.1,4.13,4.44,125.5,4.496253122,106276,5.4,275440,2965.3,94.79223718,278.97,-0.19,0.21,0.5
1988-11,5796.013668,6579.785,8.4,1569,59.617,84.47,5.6,3.7,93,4.17,4.5,125.8,4.398340249,106617,5.3,279159,2980.2,92.77721548,273.7,0.13,0.44,0.61
1988-12,5825.139365,6612.203,8.3,1563,59.898,84.78,6,3.9,91.9,4.3,4.63,126,4.651162791,106898,5.3,283789,2988.2,92.38239574,277.72,0.23,0.33,0.35
1989-01,5836.812991,6640.521,8.5,1621,60.43,85.41,4.7,3.5,97.9,4.43,4.66,126.4,4.635761589,107161,5.4,282165,2991.7,94.07952483,297.47,-0.07,0.03,-0.03
1989-02,5825.162666,6660.188,9,1425,59.802,84.39,4.1,4.1,95.4,4.63,4.71,126.9,4.789430223,107427,5.2,275271,2992.2,94.18545648,288.86,-0.11,-0.09,-0.19
1989-03,5819.343323,6693.653,9.5,1422,59.71,84.11,1.5,3.7,94.3,4.66,4.58,127.6,4.675963905,107621,5,278788,2999.7,95.54805554,294.87,-0.28,-0.34,-0.49
1989-04,5854.470143,6659.324,8.4,1339,59.883,84.19,2.2,4.3,91.5,4.84,4.42,128,4.575163399,107791,5.2,281630,3006,96.05664552,309.64,-0.48,-0.54,-0.66
1989-05,5848.621522,6628.811,8.1,1331,59.319,83.22,-0.7,4.6,90.7,4.92,4.38,128.3,4.56397718,107913,5.2,280583,3011.6,97.67835685,320.52,-0.83,-0.9,-0.95
1989-06,5860.342206,6647.593,8.2,1397,59.468,83.24,-2.7,3.8,90.6,4.71,4.22,128.5,4.471544715,108027,5.3,283671,3027.9,99.17085328,317.98,-1.09,-1.24,-1.25
1989-07,5877.976135,6670.863,8.2,1427,58.773,82.06,-4.1,4.1,92,4.45,4.06,129,4.622871046,108069,5.2,285701,3052.4,97.30777495,346.08,-1.35,-1.41,-1.22
1989-08,5937.349631,6688.597,7.6,1332,59.332,82.64,-4.9,3.5,89.6,4.15,3.95,129.3,4.442649435,108120,5.2,283854,3074.4,97.30642181,351.45,-0.81,-0.9,-0.88
1989-09,5925.498634,6708.624,8.1,1279,59.195,82.23,-4,3.4,95.8,3.88,3.75,130,4.250200481,108369,5.3,284036,3092.5,97.921572,349.15,-0.8,-0.85,-0.83
1989-10,5919.579055,6741.722,8.5,1410,59.083,81.86,-3.2,3.6,93.9,3.94,3.73,130.9,4.302788845,108476,5.3,284238,3114.1,96.43905309,340.36,-0.85,-0.87,-0.83
1989-11,5919.579055,6748.128,8.6,1351,59.2,81.8,-3.2,3.5,90.9,3.93,3.72,131.3,4.372019078,108752,5.4,287814,3133.3,96.55395108,345.99,-0.78,-0.74,-0.68
1989-12,5967.317595,6748.247,7.8,1251,59.255,81.66,-2.6,3.5,90.5,3.91,3.68,131.5,4.365079365,108836,5.4,294323,3152.5,95.77185,353.4,-0.73,-0.7,-0.61
1990-01,5997.304116,6787.762,8,1551,59.104,81.24,-2.8,4.1,93,4.16,3.55,132,4.430379747,109199,5.4,293132,3166.8,95.64540143,329.08,-0.31,-0.11,-0.02
1990-02,5967.466782,6801.887,8.6,1437,59.981,82.23,-0.9,4.1,89.5,4.27,3.79,132.8,4.649330181,109435,5.3,287719,3179.2,95.78329518,331.89,-0.13,0.18,0.23
1990-03,5985.423051,6803.611,8.3,1289,60.306,82.47,-0.1,3.7,91.3,4.28,3.98,133.9,4.937304075,109644,5.2,292402,3190.1,96.86566321,339.94,0.07,0.32,0.31
1990-04,5997.417887,6847.31,8.8,1248,60.128,82.02,0,3.6,93.9,3.8,3.94,134.2,4.84375,109686,5.4,297404,3201.6,96.75970789,330.8,0.14,0.51,0.53
1990-05,5991.426461,6839.118,8.7,1212,60.255,82,-0.5,3.4,90.6,3.66,3.95,134.4,4.754481684,109839,5.4,297279,3200.6,95.61594744,361.23,0.14,0.56,0.58
1990-06,6009.454825,6848.93,8.6,1177,60.446,82.08,-0.8,3.8,88.3,3.89,4.07,134.8,4.902723735,109856,5.2,301742,3213.7,95.90068117,358.02,-0.19,0.14,0.19
1990-07,6021.497821,6872.7,8.7,1171,60.327,81.74,-3.4,3.4,88.2,3.9,4.07,135.5,5.03875969,109824,5.5,303888,3224.5,94.1159554,356.15,-0.21,0.18,0.32
1990-08,6021.497821,6829.467,8.1,1115,60.529,81.85,-3.9,4.6,76.4,4.58,4.36,136.4,5.491105955,109616,5.7,305147,3242,92.58664351,322.56,-0.35,0.31,0.62
1990-09,6021.497821,6826.163,8.1,1110,60.528,81.69,-5.5,4.7,72.8,4.99,4.36,137.2,5.538461538,109518,5.9,308033,3254.6,91.65679397,306.05,-0.44,0.31,0.69
1990-10,5985.584315,6770.182,7.8,1014,60.028,80.87,-6.8,4.8,63.9,5.18,4.33,137.8,5.271199389,109367,5.9,308764,3259.3,89.83892612,304,-0.56,0.22,0.61
1990-11,5979.60471,6771.885,7.9,1145,59.361,79.85,-8.7,4.7,66,5.08,4.18,138.2,5.255140899,109214,6.2,313670,3262.6,89.49072118,322.22,-0.5,0.21,0.58
1990-12,5955.781584,6810.834,8.8,969,58.906,79.11,-9.2,4.7,65.5,4.87,4.03,138.3,5.171102662,109166,6.3,315270,3271.8,90.65382999,330.22,-0.26,0.42,0.77
1991-01,5902.657665,6791.454,9.3,798,58.469,78.41,-10.8,3.9,66.8,4.48,4.15,139.4,5.606060606,109055,6.4,309597,3287.7,90.35919769,343.93,-0.27,0.79,1.18
1991-02,5938.287389,6800.778,8.8,965,58.059,77.76,-10.6,3.4,70.4,4.07,3.93,140.3,5.647590361,108734,6.6,306945,3304.5,89.32266963,367.07,0.02,1.22,1.6
1991-03,6010.412337,6811.642,8,921,57.684,77.16,-9.3,3.3,87.7,3.71,3.65,140.9,5.227781927,108574,6.8,311089,3321.9,92.15931797,375.22,0.28,1.65,1.99
1991-04,5992.435032,6838.344,8.6,1001,57.892,77.34,-7.2,3.2,81.8,3.68,3.55,141.1,5.141579732,108364,6.7,314068,3332.4,93.26387686,375.34,0.33,1.79,2.13
1991-05,6010.466431,6839.628,8.4,996,58.307,77.8,-5.5,3.1,78.3,3.87,3.65,141.3,5.133928571,108249,6.9,314339,3343,93.56711984,389.83,0.35,1.92,2.29
1991-06,6010.466431,6875.11,8.9,1036,58.955,78.56,0.3,3.3,82.1,3.59,3.47,141.5,4.970326409,108334,6.9,318071,3351.9,94.63843534,371.16,0.46,2.04,2.38
1991-07,6040.66978,6861.835,8.2,1063,59.182,78.76,0.6,3.1,82.9,3.5,3.52,142,4.79704797,108292,6.8,319987,3356.1,94.2969445,387.81,0.49,2.09,2.45
1991-08,6028.612555,6878.005,8.6,1049,59.282,78.79,2.9,3.2,82,3.05,3.38,142.7,4.618768328,108310,6.9,320051,3355,93.22805828,395.43,0.12,1.77,2.24
1991-09,6028.612555,6897.061,8.8,1015,59.964,79.58,4.9,3,83,2.78,3.43,143.4,4.518950437,108336,6.9,321825,3354.9,92.08094784,387.86,0.12,1.69,2.2
1991-10,6004.594178,6907.64,9.3,1079,59.846,79.29,3.1,3.2,78.3,2.38,3.31,143.9,4.42670537,108357,7,323057,3360.1,91.25701191,392.45,0.12,1.66,2.32
1991-11,6034.768019,6918.771,9,1103,59.74,79.01,-0.5,2.9,69.1,2.48,3.37,144.4,4.486251809,108296,7,328415,3365.5,89.9621342,375.22,0.08,1.81,2.61
1991-12,6046.861742,6982.097,9.7,1079,59.646,78.74,-3.2,2.7,68.2,2.64,3.48,144.4,4.410701374,108328,7.3,335415,3372.2,89.32570749,417.09,-0.05,1.76,2.66
1992-01,6138.945931,7051.58,9.4,1176,59.297,78.1,-2.7,2.7,67.5,2.39,3.25,144.9,3.945480631,108369,7.3,333149,3381.2,89.29342599,408.78,0.12,2.21,3
1992-02,6145.091022,7084.026,9.8,1250,59.879,78.68,2.7,2.6,68.8,2.6,3.25,145.6,3.777619387,108311,7.4,331242,3400,90.46237466,412.7,0.23,2.52,3.28
1992-03,6157.405834,7091.697,9.7,1297,60.504,79.3,4.6,2.6,76,2.82,3.29,146.4,3.903477644,108365,7.4,335595,3403.9,92.09215764,403.69,0.65,2.97,3.56
1992-04,6163.569403,7112.929,9.9,1099,60.843,79.54,2.6,3,77.2,2.92,3.42,146.6,3.89794472,108519,7.4,333124,3399.7,91.66383138,414.95,0.57,3.05,3.75
1992-05,6194.542114,7147.148,9.9,1214,61.204,79.79,5.7,2.9,79.2,2.62,3.15,146.7,3.821656051,108649,7.6,334541,3398.6,90.8525613,415.35,0.37,2.87,3.57
1992-06,6213.181659,7177.756,10.1,1145,61.384,79.8,3.6,3.1,80.4,2.64,3.01,146.9,3.816254417,108715,7.8,337098,3393.4,89.53303372,408.14,0.41,2.72,3.5
1992-07,6231.87729,7173.028,9.6,1139,61.955,80.32,3.9,2.7,76.6,2.81,3.09,147.3,3.732394366,108793,7.7,340424,3393.9,88.16282603,424.21,0.35,2.59,3.59
1992-08,6244.366023,7198.812,9.7,1226,61.712,79.79,3.4,2.8,76.1,2.71,2.9,147.7,3.50385424,108925,7.6,342727,3398.8,87.52742515,414.03,0.17,2.3,3.29
1992-09,6288.384716,7165.566,8.7,1186,61.762,79.64,-0.3,3,75.6,2.52,2.66,148.1,3.277545328,108959,7.6,346903,3410.3,87.93158711,417.8,-0.04,2.16,3.2
1992-10,6307.306635,7119.728,8,1244,62.189,79.99,0.3,2.8,73.3,2.69,2.82,149,3.544127867,109139,7.3,349808,3423.8,89.67089585,418.68,0.2,2.5,3.49
1992-11,6319.946529,7130.623,8,1214,62.462,80.15,3.6,2.9,85.3,2.67,2.86,149.3,3.393351801,109272,7.4,355924,3426.5,92.32038795,431.35,0.59,2.95,3.78
1992-12,6364.498015,7384.658,10.6,1227,62.382,79.87,4.2,2.8,91,2.59,2.79,149.2,3.324099723,109495,7.4,361903,3424.7,92.47949515,435.71,0.79,3.16,3.85
1993-01,6358.139875,7223.508,8.6,1210,62.978,80.46,5.8,2.9,89.3,2.7,2.82,149.9,3.450655625,109794,7.3,360650,3419.1,93.44106376,438.78,0.48,2.81,3.58
1993-02,6370.881638,7257.671,8.9,1210,63.121,80.49,5.2,3.2,86.6,2.6,2.73,150.8,3.571428571,110044,7.1,359533,3414.5,93.48572854,443.38,0.36,2.4,3.23
1993-03,6351.82616,7235.112,8.9,1083,62.961,80.14,3.5,3.1,85.9,2.56,2.7,151.4,3.415300546,109994,7,362723,3411.7,92.63276971,451.67,0.26,2.12,2.91
1993-04,6396.602376,7272.654,8.7,1258,63.33,80.48,0.2,3,85.6,2.56,2.66,151.7,3.478854025,110296,7.1,368849,3411.3,91.10433988,440.19,0.28,2.17,3.01
1993-05,6415.849926,7262.174,8.3,1260,63.286,80.29,1.2,2.9,80.3,2.74,2.86,151.7,3.408316292,110568,7.1,370845,3436.9,91.065935,450.19,0.36,2.2,3.04
1993-06,6441.616392,7248.803,7.8,1280,63.149,79.99,-0.4,3.5,81.5,2.59,2.88,151.8,3.335602451,110749,7,375841,3442.4,91.22637383,450.53,0.5,2.18,2.92
1993-07,6473.986323,7267.096,7.6,1254,63.345,80.11,0.2,3,77,2.42,2.71,152,3.190767142,111055,6.9,379121,3442,91.93360409,448.13,0.41,2.03,2.75
1993-08,6480.46679,7277.66,7.7,1300,63.255,79.86,0.7,3.2,77.3,2.45,2.81,152.6,3.317535545,111206,6.8,380892,3445.7,91.57018196,463.56,0.41,2,2.65
1993-09,6519.584296,7257.796,6.9,1343,63.684,80.25,0.8,3,77.9,2.39,2.79,152.9,3.241053342,111448,6.7,384705,3452.2,90.98055355,458.93,0.27,1.64,2.27
1993-10,6532.649595,7222.341,6.3,1392,64.262,80.82,3.4,3.3,82.7,2.35,2.57,153.5,3.020134228,111733,6.8,388226,3456.7,91.63628303,467.83,0.4,1.72,2.34
1993-11,6552.306514,7242.356,6.3,1376,64.525,80.97,3.8,2.8,81.2,2.35,2.61,153.9,3.081044876,111984,6.6,391960,3470.1,92.40979244,461.79,0.56,2.04,2.7
1993-12,6578.620998,7489.125,9.1,1533,64.929,81.29,5.6,3,88.2,2.19,2.46,153.9,3.150134048,112314,6.5,398638,3474.5,92.57654957,466.45,0.65,2.19,2.81
1994-01,6598.416247,7348.811,7.1,1272,65.043,81.23,6,2.8,94.3,1.98,2.25,154.3,2.935290193,112595,6.6,397786,3474.9,94.15999803,481.61,0.49,2.04,2.7
1994-02,6651.629281,7362.922,6.5,1337,65.138,81.13,6.5,2.8,93.2,2.06,2.27,155,2.785145889,112781,6.6,397926,3475.7,93.83952488,467.14,0.62,2.15,2.72
1994-03,6651.629281,7387.284,6.8,1564,66.016,81.98,6.9,3,91.5,2.13,2.4,155.8,2.906208719,113242,6.5,400752,3480.1,93.88642714,445.77,0.98,2.6,3.14
1994-04,6678.342652,7387.628,6.4,1465,66.598,82.45,7.4,3,92.6,1.98,2.25,155.9,2.768622281,113586,6.4,406948,3481.3,93.93434195,450.91,1.26,2.96,3.41
1994-05,6665.012627,7472.818,7.6,1526,67.066,82.75,8.2,3.1,92.8,1.81,2.14,156,2.834541859,113921,6.1,407088,3490.8,93.30227925,456.5,1.3,2.77,3.17
1994-06,6705.244091,7461.027,6.9,1409,67.284,82.73,8.8,2.7,91.2,2.03,2.26,156.2,2.898550725,114238,6.1,411591,3479.5,92.53120865,444.27,1.02,2.45,2.85
1994-07,6698.545546,7467.203,7,1439,67.599,82.82,8.5,2.9,89,2.19,2.27,156.4,2.894736842,114610,6.1,415010,3488.2,91.2138398,458.26,1.22,2.65,3.04
1994-08,6745.765907,7475.982,6.5,1450,68.11,83.14,8,3.1,91.7,2.25,2.19,157,2.883355177,114896,6,415263,3485.7,91.00380556,475.49,1.09,2.41,2.77
1994-09,6759.284476,7508.559,6.8,1474,68.436,83.22,9,3.4,91.5,2.25,2.19,157.5,3.008502289,115247,5.9,416866,3486.1,89.94770915,462.71,1.03,2.35,2.73
1994-10,6800.084986,7579.93,7.1,1450,69.165,83.78,9.4,3,92.7,2.1,2.26,158,2.931596091,115458,5.8,418679,3484.3,89.05473376,472.35,1.35,2.64,2.98
1994-11,6806.891878,7579.684,7,1511,69.704,84.1,9.2,3.2,91.6,2.11,2.19,158.2,2.794022092,115869,5.6,423063,3487.2,89.32161124,453.69,1.25,2.43,2.67
1994-12,6827.374,7614.247,7.2,1455,70.504,84.73,6.1,3,95.1,2.15,2.18,157.9,2.599090318,116165,5.5,428489,3486.4,91.46983925,459.27,1.69,2.33,2.36
1995-01,6827.374,7638.859,7.5,1407,70.639,84.55,7.4,3,97.6,2.32,2.35,158.7,2.851587816,116501,5.6,426222,3492.4,93.54641846,470.42,1.52,2.23,2.25
1995-02,6813.746507,7654.257,7.8,1316,70.417,83.94,5.1,3,95.1,2.27,2.3,159.6,2.967741935,116697,5.4,422895,3489.9,92.71887059,487.39,0.78,1.45,1.55
1995-03,6847.986439,7675.413,7.5,1249,70.602,83.82,2.1,3.2,90.3,2.17,2.2,160.4,2.952503209,116907,5.4,427727,3491.1,91.592301,500.71,0.45,1.07,1.22
1995-04,6834.317803,7618.752,6.9,1267,70.498,83.34,1.5,3.3,92.5,2.32,2.28,160.7,3.078896729,117069,5.8,433540,3499.2,88.46892599,514.71,0.22,0.81,1.01
1995-05,6882.49527,7695.902,7.1,1314,70.634,83.15,-3.3,3,89.8,2.33,2.23,160.8,3.076923077,117049,5.6,434008,3524.2,87.95836098,533.4,-0.01,0.4,0.62
1995-06,6937.999264,7719.033,6.7,1281,70.978,83.19,-4.1,2.9,92.7,2.18,2.09,160.9,3.008962868,117286,5.6,434846,3548.9,87.88448655,544.75,-0.36,-0.07,0.17
1995-07,6917.247522,7736.328,7.1,1461,70.518,82.28,0.7,2.9,94.4,1.99,2.04,161.1,3.00511509,117380,5.7,435915,3567.4,87.60051744,562.06,-0.26,0.16,0.43
1995-08,6952.00756,7741.587,6.7,1416,71.34,82.86,-2.9,2.9,96.2,1.97,2.17,161.6,2.929936306,117634,5.7,435546,3589,89.47086364,561.88,0.01,0.5,0.75
1995-09,6965.939439,7766.85,6.8,1369,71.996,83.22,-1.9,2.8,88.9,1.93,2.15,162.1,2.920634921,117875,5.6,436332,3602.1,90.36813639,584.41,-0.18,0.2,0.4
1995-10,6938.186692,7775.728,7.1,1369,71.976,82.79,-3.3,2.9,90.2,2.02,2.16,162.8,3.037974684,118031,5.5,436570,3613.4,90.19352947,581.5,-0.17,0.1,0.28
1995-11,6994.13981,7797.137,6.6,1452,72.052,82.46,-4.1,2.8,88.2,1.82,2.04,163,3.034134008,118175,5.6,439093,3619.9,91.19655431,605.37,-0.37,-0.11,0.13
1995-12,7036.357958,7807.781,6.1,1431,72.373,82.4,-3.8,2.7,91,1.95,2.15,162.7,3.03989867,118320,5.6,445840,3629.5,91.66544523,615.93,-0.29,-0.09,0.11
1996-01,7001.351202,7818.498,6.7,1467,71.822,81.33,-4.5,2.8,89.3,1.97,2.01,163.4,2.961562697,118316,5.6,441733,3647.9,92.45936476,636.02,-0.47,-0.2,0.09
1996-02,7057.813712,7878.998,6.7,1491,72.962,82.18,-4.1,2.8,88.5,1.95,1.97,164.2,2.882205514,118739,5.5,435714,3661.8,92.39223265,640.43,-0.28,0.16,0.59
1996-03,7093.280112,7904.494,6.6,1424,72.828,81.57,-3.1,2.9,93.7,2.07,1.96,164.9,2.805486284,118993,5.5,440455,3687,92.21009611,645.5,0.03,0.66,0.96
1996-04,7121.767181,7857.025,5.7,1516,73.672,82.06,-0.7,3,92.7,2.11,1.86,165,2.675793404,119158,5.6,443376,3697.8,92.35630599,654.17,0.32,1.08,1.29
1996-05,7128.896077,7956.529,6.7,1504,74.251,82.24,-0.9,3.1,89.4,2.13,1.86,165.1,2.674129353,119486,5.6,443014,3709.6,92.60186824,669.12,0.4,1.24,1.5
1996-06,7136.032109,8004.689,7.1,1467,75.08,82.69,3.6,2.9,92.4,2.03,1.85,165.2,2.672467371,119769,5.3,446423,3722.5,92.87582953,670.63,0.54,1.42,1.64
1996-07,7150.332775,7983.834,6.7,1472,75.31,82.49,-0.3,3,94.7,2.12,1.88,165.5,2.731222843,120015,5.5,449831,3737.2,92.62138647,639.95,0.45,1.24,1.47
1996-08,7171.84832,8004.249,6.6,1557,75.691,82.44,1.6,3.1,95.3,1.99,1.73,165.8,2.599009901,120199,5.1,450911,3744.1,91.9626233,651.99,0.45,1.17,1.42
1996-09,7179.027347,8023.142,6.7,1475,76.359,82.71,1.1,3.2,94.7,2.21,1.9,166.4,2.652683529,120410,5.2,451954,3753.5,92.39162734,687.33,0.53,1.3,1.53
1996-10,7200.629235,8022.593,6.4,1392,76.226,82.1,0.5,3,96.5,2.26,1.9,167,2.57985258,120665,5.2,452496,3770.9,92.73453212,705.27,0.31,1.03,1.29
1996-11,7215.059353,8044.54,6.4,1489,76.884,82.33,3,3,99.2,2.44,1.96,167.2,2.576687117,120961,5.4,457010,3790,92.24230284,757.02,0.11,0.66,0.89
1996-12,7244.035495,8071.993,6.4,1370,77.552,82.57,5.2,3,96.9,2.36,1.86,167,2.642901045,121143,5.4,464955,3810.4,93.06325066,740.74,0.18,0.78,1.01
1997-01,7280.437684,8095.101,6.2,1355,77.598,82.14,3.8,3,97.4,2.27,1.85,167.5,2.509179927,121363,5.3,462505,3824.6,93.85560494,786.16,0.36,1.08,1.33
1997-02,7295.027739,8117.655,6.2,1486,78.695,82.81,3.1,3,99.7,2.32,1.93,168.3,2.496954933,121675,5.2,459914,3836.3,95.45638614,790.82,0.34,1.01,1.23
1997-03,7316.978675,8156.245,6.4,1457,79.523,83.18,3.8,2.8,100,2.12,1.94,169,2.486355367,121990,5.2,462300,3851.2,96.18817564,757.12,0.41,1.15,1.3
1997-04,7316.978675,8162.355,6.5,1492,79.366,82.51,3.7,3,101.4,1.92,2,169.4,2.666666667,122286,5.1,465478,3867.2,96.60894507,801.34,0.48,1.25,1.38
1997-05,7324.302978,8198.193,6.8,1442,79.962,82.61,6.1,2.9,103.2,1.69,1.9,169.3,2.54391278,122546,4.9,467038,3879.1,95.44950464,848.28,0.37,1.07,1.21
1997-06,7361.108521,8224.458,6.6,1494,80.469,82.59,4.9,2.8,104.5,1.83,1.97,169.2,2.421307506,122814,5,469816,3895.8,94.98636326,885.14,0.13,0.82,0.93
1997-07,7427.960162,8255.625,6.1,1437,81,82.59,7.7,2.7,107.1,1.67,1.85,169.5,2.416918429,123111,4.9,473111,3913.8,95.76012719,954.31,0.02,0.6,0.7
1997-08,7472.796944,8298.468,6,1390,82.062,83.09,6.3,2.7,104.4,1.66,1.72,169.6,2.291917973,123093,4.8,474323,3947.3,97.33244707,899.47,0.02,0.62,0.76
1997-09,7472.796944,8320.175,6.2,1546,82.765,83.21,3.9,2.8,106,1.61,1.62,170,2.163461538,123585,4.9,475441,3963,97.62272926,947.28,-0.02,0.57,0.67
1997-10,7510.348687,8361.37,6.2,1520,83.475,83.31,6.4,2.8,105.6,1.44,1.53,170.8,2.275449102,123929,4.7,477667,3982.1,98.05240548,914.62,-0.04,0.43,0.53
1997-11,7540.51073,8415.387,6.4,1510,84.423,83.63,5.7,2.9,107.2,1.26,1.43,170.8,2.153110048,124235,4.6,484618,4004.6,99.61090223,955.4,-0.06,0.28,0.36
1997-12,7586.026892,8463.884,6.4,1566,84.785,83.35,4.5,2.8,102.1,1.13,1.45,170.7,2.215568862,124549,4.7,493078,4022.8,103.0277354,970.43,0.03,0.27,0.31
1998-01,7578.448443,8538.251,7.4,1525,85.547,83.47,3.8,2.3,106.6,1.04,1.5,171.2,2.208955224,124812,4.6,491235,4046.1,105.598451,980.28,-0.32,-0.14,-0.02
1998-02,7624.193605,8592.24,7.4,1584,85.619,82.91,2.9,2.4,110.4,0.78,1.38,172.1,2.257872846,125016,4.6,488420,4078.8,103.9958892,1049.34,-0.2,-0.02,0.06
1998-03,7654.812856,8641.527,7.5,1567,85.465,82.14,2.9,2.5,106.5,0.69,1.24,172.6,2.130177515,125164,4.7,491007,4104.3,103.471199,1101.75,-0.1,0.12,0.16
1998-04,7693.279253,8668.76,7.2,1540,85.871,81.93,2.2,2.4,108.7,0.72,1.23,173,2.12514758,125442,4.3,494118,4130.1,103.2731913,1111.75,-0.07,0.16,0.19
1998-05,7747.511835,8704.139,6.9,1536,86.321,81.77,0.9,2.6,106.5,0.9,1.26,173.1,2.244536326,125844,4.4,495231,4154,103.9922035,1090.82,-0.05,0.14,0.16
1998-06,7802.126723,8753.506,6.8,1641,85.611,80.53,-1.1,2.7,105.6,0.69,0.98,173,2.245862884,126076,4.5,498108,4173.8,105.9571798,1133.84,-0.15,-0.04,-0.06
1998-07,7809.936659,8768.969,6.9,1698,85.214,79.64,-0.8,2.6,105.2,0.88,1.2,173.3,2.241887906,126205,4.5,502446,4193.5,106.2986128,1120.67,-0.18,-0.08,-0.08
1998-08,7849.182572,8797.329,6.8,1614,87.382,81.16,-0.7,2.4,104.4,0.93,1.43,173.8,2.476415094,126544,4.5,504866,4218.5,108.1173911,957.28,-0.34,-0.28,-0.21
1998-09,7904.514171,8823.3,6.4,1582,87.229,80.54,-1.3,2.3,100.9,0.63,1.21,174.2,2.470588235,126752,4.6,508591,4257.4,106.5233582,1017.01,-0.8,-0.89,-0.7
1998-10,7928.299068,8836.083,6.2,1715,88.089,80.87,-1.3,2.5,97.4,0.72,1.25,174.7,2.283372365,126954,4.5,512552,4297.5,103.7698793,1098.67,-0.95,-0.89,-0.54
1998-11,7952.155535,8872.582,6.3,1660,88.21,80.53,-1.8,2.3,102.7,0.72,1.24,174.8,2.341920375,127231,4.4,518349,4336.1,103.5376808,1163.63,-0.3,-0.29,0
1998-12,8016.285822,8889.862,5.8,1792,88.735,80.57,-3.2,2.5,100.5,0.84,1.35,174.8,2.401874634,127596,4.4,526435,4365,102.8242506,1229.23,-0.16,-0.23,-0.03
1999-01,8008.277544,8923.374,6.4,1748,89.022,80.41,0.6,2.7,103.9,0.98,1.39,175.3,2.394859813,127702,4.3,527870,4392.4,102.8576093,1279.64,-0.12,-0.03,0.09
1999-02,8048.520145,8953.235,6.2,1670,89.809,80.7,1.7,2.5,108.1,1.01,1.31,175.7,2.091807089,128120,4.4,526387,4415.2,103.9965164,1238.33,-0.06,0.15,0.24
1999-03,8080.843519,8962.339,5.9,1710,89.726,80.22,2.4,2.7,105.7,1.07,1.23,176.2,2.085747393,128227,4.2,531013,4422,105.0236214,1286.37,-0.03,0.33,0.42
1999-04,8129.621246,8944.943,5.2,1553,90.119,80.19,2.3,2.7,104.6,1.41,1.28,176.8,2.196531792,128597,4.3,535171,4450.6,104.7883043,1335.18,-0.05,0.34,0.44
1999-05,8162.270328,8962.013,4.9,1611,90.923,80.52,4.3,2.8,106.8,1.32,1.26,176.6,2.021952629,128808,4.2,540620,4474.9,104.449079,1301.84,0.11,0.7,0.8
1999-06,8195.05053,8992.45,4.8,1559,90.634,79.9,5.8,2.5,107.3,1.43,1.44,176.6,2.080924855,129089,4.3,544016,4496.7,104.9816434,1372.71,0.34,1.05,1.14
1999-07,8211.473477,9002.605,4.8,1669,91.101,79.94,3.6,2.7,106,1.45,1.33,176.9,2.077322562,129414,4.3,548817,4523.9,105.3091849,1328.72,0.04,0.69,0.8
1999-08,8252.737163,9043.049,4.7,1648,91.561,79.98,4.8,2.8,104.5,1.49,1.17,177.1,1.898734177,129569,4.2,551361,4541.2,104.265498,1320.41,0.13,0.77,0.87
1999-09,8294.208204,9037.422,4.2,1635,91.133,79.25,7,2.7,107.2,1.9,1.45,177.7,2.009184845,129772,4.2,556828,4557.2,103.750879,1282.71,0.03,0.58,0.7
1999-10,8310.829863,9094.716,4.6,1608,92.57,80.14,7.2,2.9,103.2,1.84,1.41,178.3,2.060675444,130177,4.1,564665,4580.9,103.3236415,1362.93,0.23,0.83,0.91
1999-11,8352.592827,9160.279,4.8,1648,93.139,80.27,8.1,2.9,107.2,1.92,1.49,178.4,2.059496568,130466,4.1,582758,4599.9,103.5942336,1388.91,0.13,0.55,0.61
1999-12,8462.606715,9234.746,4.4,1708,93.792,80.47,7.8,3,105.4,2.07,1.45,178.2,1.945080092,130772,4,612499,4627.4,103.7115909,1469.25,0.54,0.89,0.98
2000-01,8437.29483,9307.134,5.4,1636,93.936,80.24,6.7,3,112,2.17,1.52,178.8,1.996577296,131005,4,601868,4655.7,103.5714407,1394.46,0.67,1.13,1.21
2000-02,8522.520031,9342.634,4.8,1737,94.186,80.1,5.8,2.9,111.3,2.52,1.67,179.5,2.162777462,131124,4.1,578030,4669,104.98232,1366.42,0.49,0.95,0.79
2000-03,8573.963813,9366.526,4.5,1604,94.785,80.26,4.9,3.2,107.1,2.88,1.84,180.5,2.440408627,131596,4,577105,4699.8,105.4709746,1498.58,0.37,0.65,0.41
2000-04,8565.398415,9409.754,5,1626,95.51,80.53,4.7,3.2,109.2,2.31,1.66,180.9,2.319004525,131888,3.8,578588,4755.6,106.0938106,1452.43,0.13,0.24,-0.03
2000-05,8608.440618,9446.441,4.9,1575,95.441,80.13,3.2,3,110.7,2.33,1.67,180.9,2.434881087,132105,4,580556,4743.1,108.4935535,1420.6,0.06,0.42,0.17
2000-06,8625.692002,9469.62,4.9,1559,95.626,79.94,1.4,2.9,106.4,2.64,1.69,181,2.491506229,132061,4,581960,4760.9,107.5572358,1454.6,-0.36,-0.23,-0.43
2000-07,8634.326328,9516.638,5.2,1463,95.741,79.7,2.5,3,108.3,2.62,1.73,181.3,2.48728095,132236,4,584222,4778.4,107.7031814,1430.83,-0.46,-0.36,-0.49
2000-08,8677.714903,9568.549,5.2,1541,95.119,78.85,-0.1,2.7,107.3,2.42,1.81,181.7,2.597402597,132230,4.1,583423,4806.6,108.2314537,1517.68,-0.32,-0.44,-0.67
2000-09,8747.696475,9569.763,4.5,1507,95.566,78.9,-0.3,2.9,106.8,2.5,1.8,182.3,2.588632527,132353,3.9,583752,4842.2,109.8129496,1436.51,-0.39,-0.59,-0.72
2000-10,8738.957517,9582.905,4.6,1549,95.343,78.39,-1.3,3.2,105.8,2.49,1.79,182.8,2.523836231,132351,3.9,585252,4858.2,111.3757596,1429.4,-0.5,-0.73,-0.77
2000-11,8747.705222,9579.009,4.5,1551,95.102,77.88,-1.5,2.9,107.6,2.53,1.86,183,2.578475336,132556,3.9,590277,4869,112.0276965,1314.95,-0.42,-0.81,-0.79
2000-12,8791.66354,9595.305,4.2,1532,94.585,77.16,-6.1,2.8,98.4,2.42,1.79,182.8,2.581369248,132709,3.9,598305,4913.7,110.9689137,1320.28,-0.8,-1.23,-1.16
2020-01,8791.66354,9651.934,4.8,1600,94.039,76.42,-7.7,3,94.7,2.59,1.87,183.5,2.628635347,132698,4.2,598666,4964.3,111.3359262,1366.01,-1.17,-1.12,-0.82
2020-02,8800.464004,9668.6,4.9,1625,93.537,75.73,-7.9,2.8,90.6,2.4,1.87,184.4,2.729805014,132789,4.2,595873,5002.6,112.2155267,1239.94,-0.81,-0.6,-0.39
2020-03,8791.672332,9697.239,5.3,1590,93.377,75.33,-6.9,2.8,91.5,1.97,1.77,185.3,2.659279778,132747,4.3,599106,5060.4,113.8417074,1160.33,-1.01,-0.67,-0.42
2020-04,8791.672332,9670.775,5,1649,93.036,74.8,-7.3,3.1,88.4,2.25,1.89,185.6,2.598120509,132463,4.4,601727,5124.4,114.3486411,1249.46,-0.82,-0.04,0.34
2020-05,8826.980253,9648.128,4.5,1605,92.37,74.03,-8.7,3.2,92,2.45,1.82,185.5,2.542841349,132410,4.3,605919,5121.1,114.3015947,1255.82,-0.43,0.72,1.18
2020-06,8826.980253,9648.356,4.5,1636,91.737,73.32,-6.8,3,92.6,2.3,1.99,185.9,2.70718232,132299,4.5,609096,5161.3,115.0895966,1224.38,-0.39,0.84,1.31
2020-07,8844.669592,9790.666,5.6,1670,91.238,72.73,-6.5,2.6,92.4,2.02,2.03,186.2,2.702702703,132177,4.6,615984,5191.3,115.2586103,1211.23,-0.15,0.99,1.47
2020-08,8889.115168,9958.873,6.8,1567,90.861,72.25,-3.7,2.7,91.5,2.03,1.96,186.6,2.696752889,132028,4.9,622427,5225.2,113.2924933,1133.58,-0.18,0.92,1.32
2020-09,8801.104127,9886.164,7,1562,90.664,71.94,-3.8,2.8,81.8,1.25,1.15,187.1,2.63302249,131771,5,647223,5336.3,113.985708,1040.94,-0.25,1.05,1.66
2020-10,9017.52472,9732.337,3.4,1540,90.133,71.38,-9.2,1,82.7,1.48,1.73,187.6,2.625820569,131454,5.3,635154,5324.9,114.3289286,1059.78,-0.16,1.42,2.08
2020-11,8972.661413,9754.313,4.1,1602,89.931,71.09,-5.9,0.4,83.9,1.29,1.77,188.1,2.786885246,131142,5.5,639465,5368.5,114.8713311,1139.45,0.09,1.88,2.56
2020-12,8954.751909,9774.424,4.5,1568,90.165,71.16,-4.7,1.8,88.8,1.05,1.72,187.8,2.735229759,130982,5.7,650775,5421.6,114.7250423,1148.08,0.4,2.57,3.27
2020-01,8981.697,9968.366,6.1,1698,90.731,71.51,-2.5,1.9,93,0.67,1.42,188.2,2.561307902,130852,5.7,653760,5442,115.9527213,1130.2,0.43,2.61,3.31
2020-02,9021.984,9976.416,5.8,1829,90.731,71.42,0.7,2.1,90.7,0.7,1.45,189.2,2.603036876,130736,5.7,654639,5471.4,116.6027671,1106.73,0.49,2.56,3.17
2020-03,9020.608,9975.894,5.9,1642,91.518,71.97,2.4,2.7,95.7,0.97,1.48,189.8,2.428494334,130717,5.7,658956,5483.4,115.9447311,1147.39,0.84,3.01,3.55
2020-04,9066.332,10011.343,5.8,1592,91.751,72.09,2.4,2.8,93,1.22,1.61,190.3,2.532327586,130623,5.9,663401,5483.5,115.6929747,1076.92,0.73,2.9,3.46
2020-05,9031.84,10044.79,6.5,1764,92.259,72.44,3.1,2.7,96.9,1.03,1.7,190.2,2.533692722,130634,5.8,668606,5509.4,114.2173844,1067.14,0.6,2.74,3.41
2020-06,9064.874,10066.988,6.4,1717,93.353,73.25,3.6,2.7,92.4,0.97,1.63,190.1,2.259279182,130684,5.8,673966,5534.3,112.7649237,989.82,0.45,2.44,3.18
2020-07,9123.553,10034.986,5.5,1655,93.004,72.95,0.2,2.6,88.1,1.2,1.55,190.3,2.201933405,130590,5.8,679310,5576.9,111.0950975,911.62,0.23,2.08,2.92
2020-08,9132.692,10028.944,5.4,1633,93.233,73.1,0.3,2.6,87.6,1.4,1.68,191,2.357984995,130587,5.7,679765,5619.4,112.4889171,916.07,0.02,1.55,2.52
2020-09,9103.603,10032.933,5.7,1804,93.364,73.18,0.5,2.5,86.1,1.92,2.42,191.3,2.244788883,130501,5.7,680397,5643.7,113.3620397,815.28,-0.03,1.19,2.12
2020-10,9135.588,10060.665,5.7,1648,93.026,72.89,-1,2.5,80.6,1.74,1.78,191.8,2.23880597,130628,5.7,681855,5688.3,114.111027,885.76,-0.1,1.2,2.19
2020-11,9162.102,10090.593,5.7,1753,93.489,73.24,-1.5,2.4,84.2,1.9,1.67,191.8,1.967038809,130615,5.9,688494,5738.4,112.8411548,936.31,0.15,1.71,2.71
2020-12,9219.393,10124.379,5.5,1788,92.918,72.78,1.6,2.5,86.7,2.1,1.73,191.4,1.916932907,130472,6,699216,5759.7,112.2060233,879.82,0.21,1.79,2.79
2020-01,9219.078,10124.613,5.5,1853,93.642,73.34,1.3,2.5,82.4,2.3,1.73,191.8,1.912858661,130580,5.8,699262,5792.3,110.8887972,855.7,0.12,1.81,2.81
2020-02,9186.26,10098.269,5.6,1629,93.558,73.27,-1.2,2.7,79.9,2.53,1.65,192.5,1.744186047,130444,5.9,700958,5828.5,110.9888967,841.15,0.04,1.64,2.64
2020-03,9241.165,10123.987,5.3,1726,93.715,73.39,-3.7,3.1,77.6,2.49,1.65,193,1.685985248,130232,5.9,705269,5849.3,110.3984765,848.18,-0.01,1.53,2.56
2020-04,9287.217,10176.971,5.3,1643,92.957,72.8,-3.9,2.4,86,1.84,1.43,193.1,1.471361009,130177,6,709552,5886.5,109.141582,916.92,0.01,1.67,2.7
2020-05,9308.479,10254.725,5.8,1751,93.061,72.88,-1,2,92.1,1.63,1.43,193.2,1.577287066,130196,6.1,713711,5946.6,105.2163515,963.59,-0.08,1.26,2.31
2020-06,9361.285,10285.027,5.6,1867,93.541,73.26,-1,2.1,89.7,1.6,1.32,193,1.525512888,130194,6.3,714979,5983.3,104.6279299,974.5,-0.21,1.05,2.11
2020-07,9407.289,10408.684,6.3,1897,93.828,73.5,1,1.7,90.9,1.69,1.38,193.2,1.523909616,130191,6.2,717614,6030,106.033046,993.32,0.11,1.86,2.97
2020-08,9493.622,10476.803,6,1833,93.548,73.29,3.2,2.5,89.3,1.83,1.29,193.5,1.308900524,130149,6.1,720922,6088.2,107.5542428,1008.01,0.28,2.34,3.42
2020-09,9466.15,10350.604,5.2,1939,94.312,73.91,2.4,2.8,87.7,1.95,1.25,193.6,1.202300052,130254,6.1,721062,6060.1,106.4236263,995.97,0.23,2.17,3.26
2020-10,9479.77,10390.581,5.3,1967,94.403,74,5.2,2.6,89.6,1.75,1.32,194.3,1.303441084,130454,6,724756,6050.9,103.97869,1050.71,0.24,2.18,3.28
2020-11,9533.112,10456.517,5.4,2083,95.383,74.79,8.4,2.7,93.7,1.78,1.36,193.9,1.094890511,130474,5.8,730637,6056.1,103.5533937,1058.2,0.34,2.29,3.3
2020-12,9546.524,10470.911,5.4,2057,95.173,74.65,10.1,2.6,92.6,1.93,1.41,193.6,1.149425287,130588,5.7,739408,6054.2,102.1021331,1111.92,0.33,2.29,3.29
2020-01,9576.484,10460.956,5,1911,95.2,74.7,10.8,2.7,103.8,2.08,1.67,194,1.147028154,130769,5.7,736438,6062.7,100.4534664,1131.13,0.24,2.12,3.15
2020-02,9592.849,10479.211,5,1846,95.902,75.28,9.9,2.6,94.4,1.91,1.75,194.9,1.246753247,130825,5.6,735287,6101.6,101.1056153,1144.94,0.23,2.06,3.07
2020-03,9644.188,10522.12,4.9,1998,95.736,75.18,10.6,2.9,95.8,1.85,1.8,196.1,1.606217617,131142,5.8,736780,6137.4,102.1284175,1126.21,0.19,1.79,2.83
2020-04,9641.678,10566.156,5.3,2003,96.112,75.5,10.6,3.2,94.2,2.24,1.99,196.5,1.760745728,131411,5.6,741207,6178.4,102.8820829,1107.3,0.43,2.39,3.35
2020-05,9698.999,10623.728,5.3,1981,96.875,76.12,11.4,3.3,90.2,2.71,2,196.5,1.708074534,131694,5.6,745039,6255,104.7302137,1120.68,0.78,2.85,3.72
2020-06,9652.114,10632.734,5.8,1828,96.09,75.52,10.5,3.3,95.6,2.91,2.13,196.6,1.865284974,131793,5.6,750697,6257.3,103.7373634,1140.84,1.09,2.9,3.7
2020-07,9727.397,10654.444,5.3,2002,96.964,76.2,9.9,3,96.7,2.72,2.01,196.6,1.759834369,131848,5.5,757304,6271,102.8787744,1101.72,0.84,2.43,3.24
2020-08,9762.546,10685.481,5.2,2024,97.405,76.54,8.5,2.8,95.9,2.44,1.96,196.8,1.705426357,131937,5.4,757181,6297.1,102.8424293,1104.24,0.59,2.04,2.85
2020-09,9823.463,10690.731,4.6,1905,97.45,76.54,7.4,2.8,94.2,2.34,2.03,197.4,1.962809917,132093,5.4,762233,6331.7,102.5700356,1114.58,0.51,1.75,2.52
2020-10,9844.412,10697.813,4.5,2072,98.556,77.36,6.3,3.1,91.7,2.79,2.08,198.2,2.007205353,132447,5.5,763876,6359.9,101.2178615,1130.2,0.47,1.59,2.34
2020-11,9860.786,10670.239,4.1,1782,98.5,77.24,6.2,2.8,92.8,3.06,2.16,198.1,2.166064982,132503,5.4,770493,6386.4,98.76819836,1173.82,0.57,1.6,2.26
2020-12,9927.051,11066.664,6.9,2042,99.249,77.74,7.2,3,97.1,2.87,2.15,197.8,2.169421488,132624,5.4,776279,6405,97.59219273,1211.92,0.51,1.44,2.07
2020-01,9901.191,10669.351,3.7,2144,99.999,78.22,6.8,2.9,95.5,2.57,2.21,198.4,2.268041237,132774,5.3,775222,6411.2,98.10780488,1181.27,0.58,1.43,1.94
2020-02,9942.847,10673.764,3.4,2207,100.905,78.81,5.5,2.9,94.1,2.61,2.19,199.5,2.36018471,133032,5.4,772882,6419.6,98.4441114,1203.6,0.53,1.27,1.67
2020-03,9961.106,10711.782,3.6,1864,100.395,78.27,5.2,3.2,92.6,2.74,2.24,200.7,2.345741968,133156,5.2,773481,6428.6,97.94194968,1180.59,0.67,1.54,1.87
2020-04,10023.046,10745.865,3.1,2061,100.764,78.41,2.2,3.3,87.7,2.82,2.08,200.9,2.239185751,133518,5.2,775537,6442.6,98.97111257,1156.85,0.53,1.21,1.55
2020-05,10016.122,10794.957,3.5,2025,101.064,78.48,0.8,3.2,86.9,2.54,2.14,200.8,2.188295165,133690,5.1,776356,6459.9,99.33582804,1191.5,0.33,0.85,1.14
2020-06,10104.13,10818.538,2.9,2068,101.254,78.46,2.4,3.2,96,2.3,2.04,200.6,2.034587996,133942,5,780669,6492.3,100.229185,1191.33,0.32,0.73,0.96
2020-07,10182.046,10821.342,2.2,2054,100.894,78.01,2.8,3,96.5,2.63,2.06,200.8,2.136317396,134296,5,782860,6523.9,100.9347827,1234.18,0.38,0.72,0.92
2020-08,10144.746,10835.12,2.7,2095,101.375,78.22,2.4,3.1,89.1,2.98,2.09,201,2.134146341,134498,4.9,782727,6556.6,100.041062,1220.33,0.37,0.62,0.76
2020-09,10109.1,10798.236,2.7,2151,100.302,77.23,6.8,4.3,76.9,3.77,2.12,201.3,1.975683891,134566,5,787943,6590.7,100.8662291,1228.81,0.23,0.39,0.58
2020-10,10140.189,10877.424,3.1,2065,101.883,78.3,7.2,4.6,74.2,3.48,2.18,202.3,2.068617558,134655,5,787216,6624.7,101.8800517,1207.01,0.4,0.55,0.68
2020-11,10175.405,10967.865,3.5,2147,102.732,78.8,6.7,3.3,81.6,2.87,2.22,202.3,2.120141343,134993,5,793472,6641.2,102.0707596,1249.48,0.33,0.45,0.54
2020-12,10210.678,11025.531,3.7,1994,102.931,78.82,5.1,3.1,91.5,2.81,2.2,202.1,2.173913043,135149,4.9,803124,6668,101.1960121,1248.29,0.19,0.23,0.31
2020-01,10263.275,11137.042,4.2,2273,103.758,79.32,5,3,91.2,3.18,2.07,202.6,2.116935484,135429,4.7,804172,6710.5,100,1280.08,0.16,0.06,0.13
2020-02,10292.365,11176.323,4.2,2119,103.4,78.92,5.8,3,86.7,2.95,2.06,203.6,2.055137845,135737,4.8,804855,6734.8,100.2648657,1280.66,0.19,0.08,0.08
2020-03,10311.037,11196.821,4.2,1969,103.301,78.73,4.3,3,88.9,2.83,2.07,204.9,2.092675635,136047,4.7,810146,6749.3,100.5424823,1294.83,0.18,0.13,0.13
2020-04,10326.625,11191.479,4,1821,103.821,79,5.2,3.3,87.4,3,2.24,205.5,2.289696366,136205,4.7,809191,6786.4,100.0590953,1310.61,0.11,0.11,0.2
2020-05,10346.296,11186.693,3.8,1942,103.429,78.59,3.7,4,79.1,3.2,2.27,205.7,2.440239044,136244,4.6,812561,6793,97.87411621,1270.09,0.06,0.06,0.17
2020-06,10350.128,11213.981,4,1802,103.868,78.8,2,3.3,84.9,3.39,2.46,205.9,2.642073779,136325,4.6,812366,6831,99.20272756,1270.2,0.17,0.08,0.12
2020-07,10404.799,11204.829,3.4,1737,103.612,78.47,3,3.2,84.7,3.32,2.42,206.2,2.689243028,136520,4.7,811505,6872.5,99.3823534,1276.66,-0.02,-0.2,-0.15
2020-08,10371.09,11201.474,3.6,1650,104.395,78.93,3.7,3.8,82,3.23,2.55,206.7,2.835820896,136694,4.7,809714,6903.3,98.84228703,1303.82,-0.17,-0.43,-0.37
2020-09,10435.505,11272.707,3.6,1720,104.483,78.84,2.2,3.1,85.4,1.98,2.49,207.2,2.930948833,136843,4.5,810401,6930.5,98.5781678,1335.85,-0.28,-0.58,-0.53
2020-10,10481.598,11330.591,3.6,1491,104.08,78.37,1.4,3.1,93.6,1.58,2.39,207.8,2.718734553,136852,4.4,809839,6979.5,98.36394552,1377.94,-0.24,-0.56,-0.52
2020-11,10485.582,11374.595,3.9,1570,104.142,78.23,0.3,3,92.1,1.83,2.18,207.6,2.619871478,137063,4.5,816786,7014.3,97.37427391,1400.63,-0.24,-0.67,-0.65
2020-12,10546.264,11418.314,3.7,1649,105.748,79.25,1.4,2.9,91.7,2.21,2.22,207.3,2.572983671,137249,4.4,826731,7057.5,96.79607197,1418.3,-0.3,-0.71,-0.68
2020-01,10561.372,11429.085,3.7,1409,105.182,78.62,-0.5,3,96.9,2.07,2.43,208,2.665350444,137477,4.6,822978,7095.5,97.84014362,1438.24,-0.19,-0.5,-0.49
2020-02,10561.785,11472.619,4.1,1480,105.614,78.73,1.9,3,91.3,2.34,2.5,209.1,2.701375246,137558,4.5,820044,7111.3,97.68375262,1406.82,-0.21,-0.55,-0.54
2020-03,10566.627,11512.261,4.4,1495,106.605,79.24,0.7,3,88.4,2.53,2.34,209.9,2.440214739,137793,4.4,820914,7145.1,97.44071507,1420.86,-0.34,-0.78,-0.7
2020-04,10578.004,11511.438,4.2,1490,107.344,79.56,2.6,3.3,87.1,2.31,2.19,210.3,2.335766423,137842,4.5,822978,7217.4,96.14290454,1482.37,-0.32,-0.66,-0.56
2020-05,10587.622,11504.428,4,1415,107.284,79.29,2.5,3.3,88.3,2.35,2.07,210.3,2.236266407,137993,4.4,825698,7231,95.41865847,1530.62,-0.34,-0.58,-0.5
2020-06,10582.892,11486.557,3.8,1448,107.688,79.36,2.6,3.4,85.3,2.32,1.98,210.5,2.23409422,138069,4.6,827158,7264.2,95.15544044,1503.35,-0.29,-0.22,-0.15
2020-07,10612.125,11496.246,3.7,1354,107.833,79.25,2.4,3.4,90.4,2.12,2.03,210.8,2.230843841,138038,4.7,828938,7294.5,93.7524426,1455.27,-0.3,-0.38,-0.26
2020-08,10653.61,11504.652,3.4,1330,107.569,78.85,0.9,3.2,83.4,1.86,1.97,211.1,2.128688921,138015,4.6,829602,7370.9,94.08384886,1473.99,-0.55,-0.59,-0.35
2020-09,10661.714,11532.106,3.5,1183,108.109,79.07,1,3.1,83.4,2.52,2.08,211.6,2.123552124,138095,4.7,827418,7389.2,92.89246595,1526.75,-0.8,-0.74,-0.42
2020-10,10663.15,11513.917,3.4,1264,107.777,78.67,1.1,3.1,80.9,3.06,2.14,212.3,2.165543792,138174,4.7,829039,7402.8,90.77353296,1549.38,-0.66,-0.56,-0.23
2020-11,10684.27,11500.407,3.1,1197,108.435,79.02,0.5,3.4,76.1,3.56,2.28,212.4,2.312138728,138284,4.7,834315,7427.8,89.70553788,1481.14,-0.99,-0.82,-0.34
2020-12,10670.963,11542.116,3.6,1037,108.586,79.02,-1,3.4,75.5,3.41,2.33,212.4,2.460202605,138392,5,837192,7458,90.54744077,1468.36,-0.98,-0.75,-0.14
2020-01,10665.843,11553.731,3.7,1084,108.172,78.64,0.3,3.4,78.4,3.32,2.11,213.1,2.451923077,138403,5,830632,7491.8,90.00567073,1378.55,-1.23,-0.96,-0.2
2020-02,10625.554,11551.697,4.1,1103,107.465,78.09,-2.4,3.6,70.8,3.21,2,213.9,2.295552367,138324,4.9,829527,7576.5,89.01093532,1330.63,-0.93,-0.2,0.76
2020-03,10641.889,11546.99,4,1005,107.17,77.85,-1.7,4.3,69.5,3.17,2.13,214.9,2.382086708,138275,5.1,832999,7642.5,87.2239274,1322.7,-1.07,-0.13,0.9
2020-04,10659.274,11500.72,3.4,1013,105.982,77,-1.2,4.8,62.6,3.17,2.11,215.1,2.282453638,138035,5,830234,7685.2,86.83942924,1385.59,-0.54,0.56,1.4
2020-05,10672.153,12051.886,7.8,973,105.464,76.65,-1.2,5.2,59.8,3.34,2.21,215.2,2.330004755,137858,5.4,834675,7697.1,87.17645099,1400.38,0.08,1.17,1.9
2020-06,10653.64,11732.997,5.5,1046,104.752,76.18,-0.2,5.1,56.4,3.86,2.26,215.6,2.42280285,137687,5.6,840175,7714.6,87.75777821,1280,0.42,1.49,2.1
2020-07,10604.594,11548.331,4.4,923,103.496,75.32,0,5.1,61.2,4.14,2.23,216,2.466793169,137491,5.8,847018,7761,87.35628283,1267.38,0.27,1.29,2
2020-08,10603.04,11482.355,3.8,844,102.206,74.44,-0.8,4.8,63,3.98,2.21,216.5,2.55802937,137213,6.1,847628,7776,89.69698937,1282.83,0.18,1.14,1.89
2020-09,10537.935,11514.301,4.7,820,98.54,71.84,-5.2,4.3,70.3,3.71,2.08,216.9,2.504725898,136753,6.1,909687,7845.9,92.04641642,1166.36,0.1,1.07,1.88
2020-10,10514.862,11576.84,5.5,777,98.002,71.52,-11.1,3.9,57.6,2.78,1.75,217,2.213848328,136272,6.5,1136412,7954,97.98306987,968.75,0.45,1.76,2.84
2020-11,10487.634,11664.358,6.4,652,95.648,69.89,-13.5,2.9,55.3,1.08,1.57,216.7,2.024482109,135545,6.8,1442251,8004.6,99.14732446,896.24,0.68,1.9,3.14
2020-12,10447.632,11605.785,6.4,560,92.269,67.5,-16.9,1.7,60.1,0.31,1.35,216.1,1.741996234,134839,7.3,1666365,8181,97.54311057,903.25,0.33,1.36,2.26
2020-01,10500.639,11646.76,6.2,490,89.433,65.51,-15.1,2.2,61.2,0.08,1.13,216.7,1.689347724,134055,7.8,1712014,8262.4,98.46157284,825.88,0.29,1.45,2.37
2020-02,10460.277,11526.622,5.5,582,89.391,65.57,-14.5,1.9,56.3,0.07,1.13,217.7,1.776531089,133312,8.3,1561699,8291.6,101.2439562,735.09,0.4,1.65,2.65
2020-03,10418.179,11523.167,5.9,505,87.807,64.5,-14,2,57.3,-0.32,1.01,218.6,1.721731038,132512,8.7,1647305,8357.6,101.5293351,797.87,0.46,1.64,2.64
2020-04,10408.519,11626.683,6.8,478,87.237,64.17,-10.5,2.8,65.1,-0.38,1.16,219.1,1.859600186,131817,9,1753246,8360.7,98.88634004,872.81,0.4,1.71,2.78
2020-05,10421.614,11819.159,8.2,540,86.314,63.59,-8.3,2.8,68.7,-0.7,1.06,219.1,1.812267658,131475,9.4,1775104,8418.2,95.74444332,919.14,0.32,1.95,3.11
2020-06,10421.868,11623.976,6.7,585,86.027,63.47,-4.2,3.1,70.8,-0.82,0.97,219.3,1.716141002,131008,9.5,1683704,8427.8,94.8422789,919.32,0.3,2.5,3.51
2020-07,10458.308,11570.125,6,594,87.411,64.58,-0.1,2.9,66,-1.24,0.91,219.4,1.574074074,130668,9.5,1673598,8432.5,94.40138744,987.48,0.32,2.3,3.4
2020-08,10554.518,11540.635,4.9,586,88.465,65.46,3.5,2.8,65.7,-0.87,0.94,219.6,1.43187067,130485,9.6,1710773,8432.2,93.16821968,1020.62,0.3,2.41,3.43
2020-09,10454.781,11562.221,5.9,585,89.256,66.14,4.4,2.2,73.5,-0.81,0.99,220.1,1.475334255,130244,9.8,1801165,8431.5,92.51800433,1057.08,0.25,2.22,3.25
2020-10,10465.93,11512.56,5.4,534,89.397,66.34,6,2.9,70.6,0.18,1.45,220.7,1.705069124,130045,10,1936314,8458.3,91.26422261,1036.19,0.25,2.21,3.27
2020-11,10449.08,11544.232,5.9,588,90.319,67.13,4.4,2.7,67.4,1.59,1.53,220.4,1.707429626,130057,9.9,2024608,8488.4,90.79055972,1095.63,0.19,2.11,3.28
2020-12,10505.924,11607.494,5.9,581,90.155,67.11,5.3,2.5,72.5,2.19,1.62,220,1.804720037,129788,9.9,2026220,8483.4,91.13010735,1115.1,0.25,2.22,3.47
2020-01,10488.088,11608.64,6.1,614,91.276,68.05,7.6,2.8,74.4,2.35,1.74,220.1,1.568989386,129790,9.8,1994962,8445.7,91.00472293,1073.87,0.24,2.37,3.62
2020-02,10519.933,11606.371,5.8,604,91.308,68.19,6.1,2.7,73.6,2.13,1.71,220.6,1.332108406,129698,9.8,2115182,8495.3,92.18170236,1104.49,0.22,2.23,3.56
2020-03,10568.275,11644.273,5.7,636,92.462,69.17,8.9,2.7,73.6,2.34,1.74,221.1,1.143641354,129879,9.9,2079591,8492.4,91.27736905,1169.43,0.24,2.27,3.57
2020-04,10588.904,11741.305,6.4,687,93.31,69.92,8.3,2.9,72.2,2.22,1.53,221.2,0.958466454,130110,9.9,2014449,8522.8,90.63359211,1186.69,0.25,2.38,3.65
2020-05,10605.62,11835.686,7,583,94.642,71.04,8.3,3.2,73.6,2.12,1.53,221.2,0.958466454,130650,9.6,2012331,8577.5,93.24437995,1089.41,0.17,1.98,3.22
2020-06,10632.919,11856.607,6.9,536,94.529,71.08,6,2.8,76,1.46,1.44,221.3,0.911992704,130511,9.4,2002433,8596.6,93.61230967,1030.71,0.14,1.82,3.02
2020-07,10658.593,11876.227,6.8,546,95.115,71.65,5.7,2.7,67.8,1.54,1.36,221.3,0.865998177,130427,9.4,1994298,8606.2,91.99951026,1101.6,0.11,1.58,2.83
2020-08,10689.834,11910.661,6.9,599,95.259,71.88,7.2,2.7,68.9,1.38,1.3,221.6,0.910746812,130422,9.5,1993664,8656.5,91.19763541,1049.33,0.07,1.28,2.51
2020-09,10701.601,11898.998,6.7,594,95.284,72.01,6.5,2.2,68.2,1.31,1.17,221.9,0.817810086,130357,9.5,1961226,8687.7,90.21914563,1141.2,0.07,1.22,2.46
2020-10,10727.984,11916.271,6.6,543,95.359,72.18,7.9,2.7,67.7,1.22,0.92,222.1,0.634345265,130625,9.4,1961720,8736.7,87.67065886,1183.26,0.04,0.99,2.35
2020-11,10759.766,11942.605,6.6,545,95.397,72.3,7.6,3,71.6,1.16,0.95,222.1,0.771324864,130750,9.8,1973139,8757.4,87.78013312,1180.55,0.06,1.16,2.57
2020-12,10774.247,12026.941,7.1,539,95.866,72.75,7.3,3,74.5,1.35,0.9,221.8,0.818181818,130822,9.3,2017000,8789.3,88.48432527,1257.64,0.11,1.75,3.11
2020-01,10783.713,12076.39,7.4,630,96.068,72.97,9.6,3.4,74.2,1.48,1.02,222.2,0.954111767,130841,9.1,2047917,8825.9,87.40554688,1286.12,0.1,1.82,3.22
2020-02,10788.226,12106.153,7.6,517,96.226,73.15,10,3.4,77.5,1.79,1.14,223,1.087941976,131053,9,2211605,8871.4,86.78525835,1327.22,0.13,2.1,3.42
2020-03,10827.284,12069.299,7,600,96.841,73.66,9.4,4.6,67.5,2.07,1.16,223.7,1.175938489,131288,9,2395330,8915.7,86.00234055,1325.83,0.12,1.97,3.27
2020-04,10820.01,12047.049,6.9,554,96.279,73.26,9.1,4.6,69.8,2.46,1.35,224.1,1.311030741,131602,9.1,2496574,8977.9,84.55436633,1363.61,0.15,2.07,3.36
2020-05,10811.913,12034.638,6.9,561,96.418,73.37,3.7,4.1,74.3,2.75,1.49,224.5,1.491862568,131703,9,2567185,9029.2,84.64531429,1345.2,0.1,1.75,3.08
2020-06,10839.038,12091.008,7.2,608,96.541,73.45,6.6,3.8,71.5,2.79,1.58,224.9,1.626751017,131939,9.1,2648548,9113.4,84.4906628,1320.64,0.09,1.49,2.91
2020-07,10860.57,12126.405,7.3,623,97.163,73.9,2.5,3.4,63.7,2.89,1.74,225.2,1.762313601,131999,9,2684801,9301.4,83.89338942,1292.28,0.12,1.47,2.93
2020-08,10857.729,12113.098,7.2,585,97.523,74.12,2.3,3.5,55.8,3,1.86,225.9,1.940433213,132125,9,2657678,9515.1,84.55300884,1218.89,0.01,0.92,2.2
2020-09,10879.808,12091.239,6.8,650,97.856,74.31,2.7,3.3,59.5,3.06,1.88,226.3,1.982875169,132358,9,2637680,9539.7,87.25419151,1131.42,0.02,0.82,1.9
2020-10,10894.357,12112.845,6.8,610,98.393,74.64,1.5,3.2,60.8,2.76,1.81,226.7,2.071139127,132562,8.8,2637757,9571.3,87.91077371,1253.3,0.04,0.99,2.08
2020-11,10878.388,12110.478,7,711,98.12,74.35,1.9,3.2,63.7,2.77,1.91,226.9,2.161188654,132694,8.6,2605420,9612.3,88.53507349,1246.96,0.03,0.83,1.93
2020-12,10884.932,12220.172,7.8,694,98.817,74.79,2.9,3.1,69.9,2.6,2.06,226.7,2.209197475,132896,8.5,2619586,9651.1,89.33329577,1257.6,0.05,0.82,1.91
2020-01,10936.702,12310.98,8,723,99.709,75.36,3.3,3.3,75,2.63,2.13,227.2,2.250225023,133250,8.3,2640764,9730.3,88.66106062,1312.41,0.04,0.76,1.89
2020-02,11002.445,12385.434,8,704,100.038,75.51,3.4,3.3,75.3,2.58,2.1,227.9,2.197309417,133512,8.3,2694422,9773.1,87.20955676,1365.68,0.06,0.73,1.87
2020-03,10980.762,12429.273,8.5,695,99.586,75.06,3.6,3.9,76.2,2.35,2.11,228.7,2.235136343,133752,8.2,2655219,9817.8,87.63305196,1408.47,0.06,0.89,2.04
2020-04,10993.883,12477.137,8.7,753,100.188,75.41,4,3.2,76.4,2.06,2.04,229.3,2.320392682,133834,8.2,2639850,9872.1,87.85200728,1397.91,0.04,0.75,1.91
2020-05,10995.648,12487.547,8.8,708,99.846,75.05,3.1,3,79.3,1.63,1.89,229.6,2.271714922,133934,8.2,2616477,9903.8,89.25630612,1310.33,0.03,0.6,1.64
2020-06,10979.223,12498.689,9.1,757,100.143,75.17,1.1,3.1,73.2,1.59,1.88,229.9,2.223210316,134007,8.2,2618755,9973.6,90.48489849,1362.16,0.03,0.55,1.46
2020-07,11006.172,12410.08,8.2,740,100.05,75,0,3,72.3,1.45,1.82,229.9,2.087033748,134159,8.2,2647752,10046.8,89.92498115,1379.32,0.03,0.46,1.37
2020-08,10996.45,12362.63,8,754,99.86,74.76,0.3,3.6,74.3,1.54,1.67,230.2,1.903497123,134331,8.1,2650750,10117.9,89.27420824,1406.58,0.05,0.58,1.55
2020-09,11019.929,12422.474,8.2,847,99.823,74.63,1.9,3.3,78.3,1.7,1.72,230.8,1.988510826,134518,7.8,2594909,10200.2,87.97029035,1440.67,0.04,0.53,1.58
2020-10,11025.844,12516.362,8.8,915,99.486,74.28,0.5,3.1,82.6,1.99,1.91,231.3,2.029113366,134677,7.8,2611775,10261.3,87.82687487,1412.16,0.02,0.55,1.59
2020-11,11070.029,12693.118,9.7,833,100.22,74.73,-1,3.1,82.7,1.72,1.8,231.3,1.939180256,134833,7.7,2646809,10319.9,88.23490893,1416.18,0.02,0.51,1.49
2020-12,11074.684,13016.256,12,976,101.052,75.26,0,3.2,72.9,1.65,1.71,231,1.896779885,135072,7.9,2675945,10445.7,87.46291904,1426.19,0,0.54,1.56
2020-01,11116.086,12266.788,6.3,888,100.728,74.93,3.1,3.3,73.8,1.47,1.59,231.6,1.936619718,135263,8,2741743,10471.2,87.37663651,1498.11,0.01,0.67,1.77
2020-02,11112.07,12205.158,5.8,962,101.237,75.23,4.5,3.3,77.6,1.6,1.55,232.4,1.974550241,135541,7.7,2845251,10468.2,88.248273,1514.68,0.01,0.7,1.83
2020-03,11114.402,12223.908,5.9,1010,101.159,75.1,2.4,3.2,78.6,1.28,1.48,233.1,1.923917796,135680,7.5,2935036,10539.7,88.72890202,1569.19,0.01,0.68,1.82
2020-04,11101.162,12271.879,6.4,835,100.762,74.74,0.2,3.1,76.4,1.07,1.41,233.2,1.700828609,135871,7.6,3011737,10575.1,88.1086192,1597.57,-0.03,0.56,1.61
2020-05,11132.85,12342.222,6.7,930,101.047,74.89,0,3.1,84.5,1.25,1.42,233.5,1.698606272,136093,7.5,3116932,10611.3,88.50719346,1630.74,0.01,0.73,1.82
2020-06,11132.544,12354.968,6.8,839,101.306,75.03,2.6,3,84.1,1.53,1.49,233.6,1.609395389,136274,7.5,3201472,10665.9,89.225473,1606.28,0.05,1.11,2.21
2020-07,11146.395,12341.508,6.6,880,100.293,74.24,4,3.1,85.1,1.62,1.51,233.8,1.696389735,136386,7.3,3290898,10721.9,89.78273672,1685.73,0.03,1.31,2.49
2020-08,11161.669,12368.71,6.7,917,101.195,74.87,5.3,3,82.1,1.43,1.57,234.3,1.781059948,136628,7.2,3398930,10780.4,89.69331548,1632.97,0.05,1.44,2.66
2020-09,11194.204,12418.722,6.8,850,101.283,74.91,5.4,3.3,77.5,1.16,1.55,234.8,1.733102253,136815,7.2,3486920,10832.6,89.25167312,1681.55,0.04,1.52,2.73
2020-10,11227.993,12385.99,6.3,925,101.416,74.98,5.4,3,73.2,1.03,1.52,235.2,1.68612192,137040,7.2,3589515,10945.2,88.2420279,1756.54,0.03,1.28,2.53
2020-11,11277.651,12425.299,6.2,1100,101.417,74.95,6.2,2.9,75.1,1.25,1.58,235.2,1.68612192,137304,6.9,3684563,10953,88.99669976,1805.81,0.04,1.29,2.64
2020-12,11285.301,12464.335,6.4,1002,101.382,74.91,6,3,82.5,1.46,1.63,235,1.731601732,137373,6.7,3717450,11015,89.16949671,1848.36,0.04,1.49,2.81
2020-01,11250.39,12523.772,7.1,888,100.182,74.01,1.7,3.1,81.2,1.46,1.52,235.4,1.640759931,137548,6.6,3728483,11065.6,90.06244528,1782.59,0.05,1.58,2.79
2020-02,11313.771,12601.105,7.1,944,101.244,74.79,4.6,3.2,81.6,1.15,1.46,236.1,1.592082616,137714,6.7,3833354,11148.7,90.1894959,1859.45,0.05,1.45,2.64
2020-03,11359.895,12669.971,7.2,970,102.136,75.45,5.3,3.2,80,1.48,1.55,236.9,1.63020163,137968,6.7,3885877,11190.3,90.01356778,1872.34,0.05,1.56,2.64
2020-04,11399.927,12718.026,7.2,1043,101.985,75.35,5.7,3.2,84.1,1.74,1.65,237.5,1.843910806,138293,6.2,3930681,11246.5,89.48766568,1883.95,0.02,1.61,2.62
2020-05,11423.891,12766.293,7.4,1007,102.294,75.59,5.8,3.3,81.9,1.84,1.71,238,1.927194861,138511,6.3,3911525,11314.8,89.16955294,1923.57,0.01,1.5,2.47
2020-06,11471.674,12825.334,7.5,911,102.656,75.87,4.9,3.1,82.5,1.73,1.65,238.2,1.969178082,138837,6.1,3948691,11367.1,89.27170644,1960.23,0,1.58,2.5
2020-07,11498.864,12865.105,7.5,1085,103.147,76.26,5.3,3.3,81.8,1.75,1.71,238.1,1.839178785,139069,6.2,3989084,11428.4,89.03652799,1930.67,0.02,1.61,2.45
2020-08,11579.437,12925.981,7.3,984,102.608,75.9,8.2,3.2,82.5,1.58,1.63,238.3,1.707212975,139257,6.1,4075039,11457.6,89.84577231,2003.37,0.02,1.54,2.33
2020-09,11586.223,12965.804,7.5,1023,102.641,75.97,5.5,3,84.6,1.56,1.63,238.8,1.703577513,139566,5.9,4049189,11492,91.15385686,1972.29,0.02,1.68,2.44
2020-10,11656.935,13020.795,7.3,1074,102.564,75.96,6.8,2.9,86.9,1.37,1.51,239.4,1.785714286,139818,5.7,4001451,11551.4,92.26319908,2018.05,0.01,1.46,2.21
2020-11,11697.178,13083.832,7.4,1001,103.429,76.65,7,2.8,88.8,1.13,1.45,239.2,1.700680272,140109,5.8,3830424,11590.6,93.6119835,2067.56,0.04,1.53,2.24
2020-12,11730.792,13164.584,7.7,1073,103.113,76.47,4.7,2.8,93.6,0.77,1.39,238.8,1.617021277,140377,5.6,3934455,11668,95.48685058,2058.9,0.09,1.52,2.09
2020-01,11763.042,13226.164,7.8,1085,102.677,76.2,3.9,2.5,98.1,0.1,1.28,239.2,1.614273577,140568,5.7,4017103,11732.1,97.21545591,1994.99,0.09,1.26,1.77
2020-02,11792.438,13264.265,7.9,886,101.957,75.72,3,2.8,95.4,0.21,1.33,240.1,1.694197374,140839,5.5,3840464,11852.5,98.53121043,2104.5,0.11,1.36,1.87
2020-03,11820.876,13224.818,7.4,960,102.263,76,1.8,3,93,0.24,1.3,241.1,1.772899958,140910,5.4,4030632,11869.4,100.5603199,2067.89,0.14,1.41,1.93
2020-04,11855.356,13295.522,7.6,1190,102.132,75.95,1.6,2.6,95.9,0.1,1.29,241.8,1.810526316,141194,5.4,4059374,11916.6,99.60891659,2085.51,0.11,1.23,1.82
2020-05,11896.905,13343.503,7.6,1079,102.086,75.95,2.9,2.8,90.7,0.19,1.24,242.1,1.722689076,141525,5.6,3949372,11949.3,98.83860728,2107.39,0.12,1.42,2.08
2020-06,11905.678,13374.851,7.7,1205,101.659,75.66,2.3,2.7,96.1,0.29,1.25,242.4,1.763224181,141699,5.3,3919649,11994.6,99.64884429,2063.11,0.15,1.55,2.23
2020-07,11952.323,13407.044,7.6,1146,102.323,76.16,1.9,2.8,93.1,0.25,1.18,242.4,1.805963881,142001,5.2,3961217,12046.6,101.4592697,2103.84,0.17,1.5,2.19
2020-08,11980.837,13434.017,7.6,1130,102.021,75.93,0.8,2.8,91.9,0.27,1.24,242.7,1.846412086,142126,5.1,3984019,12097.6,103.0900588,1972.18,0.24,1.4,2.03
2020-09,11996.608,13467.008,7.7,1224,101.62,75.61,0.1,2.8,87.2,0.1,1.25,243.4,1.926298157,142281,5,4028486,12153.1,103.685825,1920.03,0.23,1.35,2.03
2020-10,11999.26,13476.189,7.7,1058,101.594,75.56,-0.4,2.7,90,0.13,1.19,244,1.921470343,142587,5,4060469,12185,102.7353125,2079.36,0.14,1.27,1.95
2020-11,12027.012,13456.466,7.3,1172,101.299,75.3,-0.9,2.7,91.3,0.26,1.21,244.1,2.048494983,142824,5.1,4006725,12274.2,104.4210824,2080.41,0.36,1.55,2.14
2020-12,12064.397,13503.287,7.4,1146,100.999,75.02,-1.6,2.6,92.6,0.37,1.2,243.8,2.093802345,143097,5,3835810,12330.1,105.2433528,2043.94,0.41,1.46,2
2020-01,12083.618,13556.706,7.6,1103,101.706,75.47,-2.2,2.5,92,0.91,1.41,244.5,2.215719064,143170,4.9,3792723,12458,107.5954602,1940.24,0.2,1.18,1.75
2020-02,12159.31,13568.321,7.1,1203,101.111,74.95,-0.6,2.5,91.7,0.68,1.48,245.7,2.332361516,143433,4.9,3872483,12534.3,106.2326628,1932.23,0.15,0.84,1.4
2020-03,12129.713,13581.131,7.5,1114,100.96,74.75,1.2,2.7,91,0.62,1.41,246.4,2.198257984,143662,5,3898431,12597.9,104.0258819,2059.74,0.3,1.02,1.53
2020-04,12172.227,13560.757,7.1,1158,100.558,74.36,0.8,2.8,89,0.89,1.49,247,2.150537634,143849,5,3872940,12687.2,102.5005791,2065.3,0.19,0.89,1.44
2020-05,12202.222,13548.593,6.7,1131,100.582,74.29,0.9,2.4,94.7,0.82,1.52,247.5,2.230483271,143891,4.8,3836529,12756,103.5914179,2096.96,0.22,0.93,1.44
2020-06,12259.408,13553.665,6.3,1200,100.866,74.4,2.5,2.6,93.5,0.8,1.51,247.8,2.227722772,144158,4.9,3825451,12823.6,104.0603215,2098.86,0.17,0.79,1.26
2020-07,12265.071,13591.659,6.5,1245,101.105,74.48,2.9,2.7,90,0.78,1.6,247.7,2.186468647,144512,4.8,3772544,12882.3,104.7650233,2173.6,0.12,0.68,1.11
2020-08,12277.888,13606.552,6.5,1155,100.734,74.12,-0.1,2.5,89.8,0.94,1.71,248.3,2.307375361,144647,4.9,3816726,12969.7,103.9454045,2170.95,0.17,0.73,1.16
2020-09,12324.231,13646.907,6.5,1072,101.127,74.32,1.4,2.4,91.2,1.2,1.66,248.7,2.17748562,144916,5,3735888,13030.7,104.741039,2168.27,0.19,0.78,1.23
2020-10,12332.828,13672.039,6.5,1321,101.435,74.47,1.8,2.4,87.2,1.43,1.79,249.2,2.131147541,145061,4.9,3572132,13099.3,105.826954,2126.15,0.26,0.87,1.36
2020-11,12355.477,13699.654,6.5,1150,101.518,74.46,3.4,2.4,93.8,1.41,1.73,249.2,2.089307661,145212,4.7,3629770,13169.6,108.281213,2198.81,0.33,1.19,1.73
2020-12,12407.631,13718.471,6.3,1267,101.881,74.66,4.3,2.2,98.2,1.69,1.79,249.1,2.173913043,145442,4.7,3531565,13198.9,110.0604885,2238.83,0.33,1.42,1.95
2020-01,12417.372,13802.658,6.8,1206,102.489,75.06,5.6,2.6,98.5,1.98,1.85,250.1,2.290388548,145627,4.7,3595455,13275.4,109.8742059,2278.87,0.18,1.27,1.78
2020-02,12418.033,13855.317,7.1,1282,102.415,74.96,7.6,2.7,96.3,2.13,1.83,251.1,2.197802198,145815,4.6,3746408,13341.1,108.3659217,2363.64,0.16,1.24,1.76
2020-03,12481.291,13924.86,7.2,1186,102.164,74.74,6.6,2.5,96.9,1.86,1.63,251.3,1.988636364,145944,4.4,3856287,13411.4,107.63248,2362.72,0.22,1.22,1.69
2020-04,12493.337,13917.041,7,1150,103.342,75.57,5.3,2.5,97,1.76,1.61,251.6,1.862348178,146141,4.4,3821697,13476.8,106.6359858,2384.2,0.14,0.92,1.4
2020-05,12506.236,13977.699,7.2,1123,103.156,75.41,5.5,2.6,97.1,1.59,1.57,251.8,1.737373737,146296,4.4,3774412,13530.5,106.041707,2411.8,0.21,0.93,1.39
2020-06,12539.123,13965.49,6.9,1243,103.279,75.48,6.7,2.6,95,1.51,1.61,252,1.694915254,146512,4.3,3762780,13558.2,104.6554537,2423.41,0.16,0.73,1.15
2020-07,12551.989,14005.417,7,1207,103.11,75.34,6.5,2.6,93.4,1.5,1.5,251.9,1.695599516,146727,4.3,3795430,13618.3,102.9818789,2470.3,0.07,0.72,1.17
2020-08,12564.612,14031.184,7.1,1163,102.828,75.12,9.3,2.6,96.8,1.56,1.43,252.5,1.691502215,146911,4.4,3910022,13673.8,102.016538,2471.65,0.07,0.62,1.05
2020-09,12642.242,14067.105,6.8,1174,102.701,75.01,10.2,2.7,95.1,1.79,1.5,252.9,1.688781665,146929,4.2,3874490,13716.4,101.3299528,2519.36,0.13,0.65,1.05
2020-10,12673.314,14113.414,6.9,1256,104.093,76.01,8.5,2.4,100.7,1.75,1.63,253.6,1.76565008,147196,4.1,3829910,13769,103.0971994,2575.26,0.25,0.83,1.21
2020-11,12730.322,14155.726,6.7,1300,104.426,76.24,8.2,2.5,98.5,1.9,1.65,253.5,1.725521669,147421,4.2,3907735,13794,103.2952915,2647.58,0.4,0.89,1.19
2020-12,12785.503,14218.191,6.7,1199,104.434,76.22,9.3,2.7,95.9,1.85,1.69,253.6,1.806503412,147551,4.1,3850969,13835.7,103.0230142,2673.61,0.4,0.88,1.1
2020-01,12775.504,14358.274,7.7,1314,104.046,75.91,9.1,2.7,95.7,1.79,1.69,254.6,1.799280288,147672,4.1,3824795,13858.4,100.8394877,2823.81,0.39,0.97,1.17
2020-02,12765.158,14394.814,8,1288,105.167,76.7,10.7,2.7,99.7,1.9,1.72,255.8,1.871764237,148078,4.1,3855056,13892.8,100.1878156,2713.83,0.54,1.18,1.44
2020-03,12808.044,14447.768,8,1335,105.226,76.7,9.3,2.8,101.4,2.13,2.03,256.6,2.109033028,148254,4,3800608,13952.6,100.457665,2640.87,0.55,1.12,1.33
2020-04,12863.202,14463.201,7.7,1269,105.747,77.04,7.9,2.7,98.8,2.1,1.96,257,2.146263911,148391,4,3727119,13989.1,100.5261458,2648.05,0.46,1.01,1.18
2020-05,12918.212,14490.824,7.5,1334,104.965,76.42,8.7,2.8,98,2.33,2.06,257.5,2.26370135,148669,3.8,3674755,14054.9,103.3908403,2705.27,0.57,1.12,1.28
2020-06,12946.163,14533.83,7.6,1190,105.791,76.97,10,3,98.2,2.37,2.03,257.7,2.261904762,148888,4,3650485,14120,105.0375474,2718.37,0.51,0.96,1.09
2020-07,12992.581,14577.832,7.5,1195,106.241,77.24,8.4,2.9,97.9,2.45,2.11,257.9,2.381897578,149024,3.8,3618272,14153,105.1232605,2816.29,0.48,0.87,0.98
2020-08,13035.279,14634.193,7.5,1280,106.703,77.51,10.8,3,96.2,2.26,2,258,2.178217822,149268,3.8,3584450,14197,105.6518357,2901.52,0.54,0.86,0.98
2020-09,13031.547,14627.823,7.5,1246,106.71,77.44,9.5,2.7,100.1,2.02,2,258.4,2.174772637,149348,3.7,3559828,14228.5,105.7165697,2913.98,0.61,0.94,1.05
2020-10,13082.152,14655.58,7.3,1207,106.605,77.29,7.5,2.9,98.6,2.04,1.86,259.1,2.168769716,149549,3.8,3520863,14235.4,106.4643737,2711.74,0.46,0.81,0.96
2020-11,13115.599,14675.421,7.2,1204,106.81,77.36,8.8,2.8,97.5,1.91,1.96,259.1,2.209072978,149683,3.7,3476330,14245.4,107.689345,2760.17,0.5,0.75,0.92
2020-12,13001.156,14814.529,8.8,1117,107.496,77.77,4.3,2.7,98.3,1.78,1.97,259.1,2.168769716,149865,3.9,3400747,14351.8,107.6421,2506.85,0.39,0.41,0.56
2020-01,13084.753,14823.644,8.3,1272,106.879,77.24,6.6,2.7,91.2,1.41,1.77,260.1,2.160251375,150134,4,3346879,14434.6,105.906,2704.1,0.18,0.14,0.31
2020-02,13063.024,14888.974,8.8,1137,106.32,76.75,4.1,2.6,93.8,1.31,1.62,261.1,2.071931196,150135,3.8,3353467,14464.4,105.9277,2784.49,0.15,0.09,0.28
2020-03,13162.175,14921.685,8.4,1203,106.301,76.64,4.6,2.5,98.4,1.4,1.48,261.8,2.02650039,150282,3.8,3381455,14511.8,106.2844,2834.4,0.08,-0.04,0.16
2020-04,13210.947,14914.993,8,1267,105.374,75.88,3.4,2.5,97.2,1.52,1.57,262.3,2.062256809,150492,3.6,3286650,14558.3,106.3815,2945.83,0,-0.09,0.11
2020-05,13255.816,14927.433,7.8,1268,105.503,75.88,2.3,2.9,100,1.38,1.48,262.6,1.980582524,150577,3.6,3244460,14653.2,107.2614,2752.06,-0.05,-0.2,0.01
2020-06,13283.355,14960.461,7.8,1235,106.098,76.22,1.6,2.7,98.2,1.36,1.61,263.2,2.134264649,150759,3.7,3274825,14780.7,106.7708,2941.76,-0.38,-0.55,-0.31
2020-07,13324.57,14947.97,7.4,1212,105.687,75.83,1.3,2.6,98.4,1.44,1.65,263.6,2.210158976,150953,3.7,3260316,14859.9,106.4956,2980.38,-0.44,-0.57,-0.34
2020-08,13355.621,15021.24,7.7,1377,106.35,76.21,-1.2,2.7,89.8,1.43,1.76,264.2,2.403100775,151160,3.7,3271378,14931.2,108.3944,2926.46,-0.36,-0.64,-0.5
2020-09,13379.172,15066.468,7.8,1274,105.656,75.62,-1.8,2.8,93.2,1.33,1.66,264.5,2.360681115,151368,3.5,3202668,15020.8,108.5566,2976.74,-0.24,-0.47,-0.34
2020-10,13388.268,15043.875,7.6,1340,105.059,75.1,-1.5,2.5,95.5,1.32,1.65,265.1,2.315708221,151553,3.6,3252807,15147.1,107.9664,3037.56,-0.22,-0.3,-0.12
2020-11,13419.948,15096.644,7.7,1371,106.109,75.76,-1.9,2.5,96.8,1.34,1.51,265.1,2.315708221,151814,3.5,3315551,15247.4,107.7378,3140.98,0.02,0.09,0.26
2020-12,13433.218,15079.164,7.5,1587,106.328,75.82,-2.2,2.3,99.3,1.56,1.57,264.9,2.238517947,151998,3.5,3426464,15302.3,107.0536,3230.78,0,0.13,0.31
2020-01,13472.396,15135.667,7.7,1617,106.131,75.63,0.9,2.5,99.8,1.81,1.72,266,2.268358324,152212,3.6,3442569,15417.8,106.3656,3225.52,-0.02,0.01,0.21
2020-02,13485.24,15202.197,8,1567,106.044,75.5,0.1,2.4,101,1.81,1.84,267.3,2.374569131,152442,3.5,3454474,15511.4,107.7111,2954.22,-0.17,-0.26,-0.08
2020-03,12501.364,14940.378,13.1,1276,100.177,71.27,-0.9,2.2,89.1,1.32,1.7,267.3,2.100840336,151572,4.4,3883155,16103.7,111.714,2584.59,-0.32,-0.06,0.22